"time","event","gene_id","strand","ri_ES","ri_EE","I_S1","S_S1","I_S2","S_S2","FDR","dPSI"
50,"RI","Solyc01g005090.3","-",100844,101290,"84,56,48","194,111,164","33,36,17","169,180,145",6.29912917474721e-05,0.107
70,"RI","Solyc01g005090.3","-",98922,99313,"34,70,31","4,18,0","22,15,20","0,0,0",0.000224209803707295,-0.141
80,"RI","Solyc01g005090.3","-",98922,99313,"24,46,28","4,8,0","52,26,21","0,0,0",0.000448124841968871,-0.134
105,"RI","Solyc01g005090.3","-",100844,101322,"54,44,41","189,182,286","6,7,11","287,298,175",0,0.101
120,"RI","Solyc01g005090.3","-",98644,99067,"16,14,18","19,25,17","3,2,3","22,18,14",0.000137011990723134,0.224
120,"RI","Solyc01g005090.3","-",98926,99313,"33,32,36","1,9,8","19,15,14","0,0,1",0.000524724417189031,-0.163
50,"RI","Solyc01g006000.3","+",674286,674578,"28,45,37","2,3,3","19,20,21","26,9,10",7.07462756871089e-06,0.419
60,"RI","Solyc01g006000.3","+",674286,674578,"44,35,57","6,2,0","17,28,20","15,8,9",5.02087412162661e-05,0.365
70,"RI","Solyc01g006000.3","+",674271,674578,"26,73,44","0,6,3","10,8,21","11,8,11",7.29618353679172e-08,0.513
80,"RI","Solyc01g006000.3","+",674286,674578,"43,33,38","3,1,3","10,11,5","16,15,21",0,0.68
90,"RI","Solyc01g006000.3","+",674286,674578,"37,29,54","8,2,1","1,16,12","23,13,12",1.05053498142864e-07,0.595
105,"RI","Solyc01g006000.3","+",674271,674578,"46,41,43","4,3,0","6,18,5","22,28,22",0,0.745
120,"RI","Solyc01g006000.3","+",674286,674578,"27,39,29","7,8,6","4,6,7","31,25,24",0,0.609
5,"RI","Solyc01g049890.3","-",42199292,42199684,"10,4,3","4,2,6","9,10,1","0,0,0",3.75513448033433e-07,-0.541
20,"RI","Solyc01g049890.3","-",42199292,42199684,"6,9,8","0,0,0","5,9,5","0,5,18",0.000115175295400518,0.446
40,"RI","Solyc01g049890.3","-",42199292,42199684,"5,0,4","18,13,0","6,16,12","0,0,0",4.99769124243021e-06,-0.619
50,"RI","Solyc01g049890.3","-",42199292,42199684,"10,3,6","70,53,0","6,10,6","0,0,0",3.36197662056412e-06,-0.626
105,"RI","Solyc01g049890.3","-",42199288,42199684,"8,6,10","0,0,0","21,18,10","0,26,15",2.15405952687102e-05,0.473
5,"RI","Solyc01g057770.3","+",56907659,56908024,"66,127,135","163,156,163","38,51,51","183,148,200",1.7578687069303e-05,0.138
5,"RI","Solyc01g057770.3","+",56908156,56908557,"68,59,92","228,238,230","10,21,17","207,217,210",1.88303076835787e-13,0.121
5,"RI","Solyc01g057770.3","+",56908393,56908743,"42,64,80","220,221,222","10,10,20","207,223,264",0,0.114
5,"RI","Solyc01g057770.3","+",56907334,56907729,"17,24,31","154,107,132","4,1,1","146,135,123",1.93683164744508e-12,0.1
10,"RI","Solyc01g057770.3","+",56907590,56908023,"258,347,277","223,288,342","50,32,53","114,129,146",8.41997582767366e-12,0.203
10,"RI","Solyc01g057770.3","+",56908393,56908743,"145,142,85","346,556,509","10,7,11","181,180,208",0,0.116
10,"RI","Solyc01g057770.3","+",56908132,56908564,"125,133,84","356,486,473","14,11,14","144,183,226",7.6936913630131e-11,0.1
105,"RI","Solyc01g058260.4","-",59098324,59098784,"4,5,0","234,179,112","50,22,41","88,112,99",0,-0.153
120,"RI","Solyc01g058260.4","-",59098324,59098784,"0,21,4","92,201,104","46,22,36","107,74,92",2.03058227509512e-13,-0.134
30,"RI","Solyc01g080580.4","-",72400360,72400807,"95,86,72","62,66,67","69,85,52","131,116,122",2.5878299719623e-05,0.178
30,"RI","Solyc01g080580.4","-",72400360,72400807,"45,37,27","0,0,0","31,46,22","7,3,2",0.000435641768752699,0.153
40,"RI","Solyc01g080580.4","-",72400360,72400807,"82,78,72","75,76,101","36,38,57","153,129,116",4.09956728224228e-07,0.179
70,"RI","Solyc01g080580.4","-",72400360,72400751,"27,78,47","5,15,7","10,2,7","7,8,12",6.92382281309474e-05,0.488
70,"RI","Solyc01g080580.4","-",72400360,72400751,"53,152,85","90,153,113","15,15,17","110,133,189",0,0.231
105,"RI","Solyc01g087590.3","+",74789691,74789960,"2,0,2","24,41,30","22,4,6","29,45,36",0.000610604506917876,-0.129
120,"RI","Solyc01g087590.3","+",74789691,74789960,"0,2,0","13,56,20","24,6,26","25,58,32",7.78600616867924e-08,-0.255
70,"RI","Solyc01g088100.4","+",75205529,75205974,"39,55,41","10,27,24","34,20,40","37,55,48",0.000825556038069917,0.288
80,"RI","Solyc01g088100.4","+",75205529,75205974,"23,40,30","9,19,22","32,12,34","67,42,51",2.76450696136295e-05,0.304
90,"RI","Solyc01g088100.4","+",75205529,75205974,"37,23,45","10,13,10","23,30,27","49,49,60",8.75819964474394e-08,0.401
120,"RI","Solyc01g088100.4","+",75205529,75205974,"38,41,29","14,17,24","24,17,15","34,41,35",7.58535486762246e-05,0.297
60,"RI","Solyc01g095150.3","+",78786890,78787377,"79,100,13","20,17,5","515,563,583","0,0,0",0,-0.342
70,"RI","Solyc01g095150.3","+",78786890,78787377,"50,97,13","12,14,7","665,624,705","0,1,0",0,-0.355
80,"RI","Solyc01g095150.3","+",78786890,78787377,"22,18,392","4,5,7","844,673,883","0,2,0",5.7604344691705e-05,-0.217
25,"RI","Solyc01g096740.4","-",80014167,80014428,"39,59,58","0,0,2","48,47,37","10,13,1",3.98280692247614e-05,0.196
60,"RI","Solyc01g096740.4","-",80013844,80014196,"21,30,45","0,0,0","42,45,50","0,12,6",0.0001008505413238,0.181
90,"RI","Solyc01g096740.4","-",80013844,80014196,"40,21,35","0,0,1","36,42,51","7,12,2",3.93700746258608e-05,0.221
105,"RI","Solyc01g096740.4","-",80013844,80014196,"12,64,17","0,0,0","34,8,24","8,5,11",9.79485035084244e-10,0.451
120,"RI","Solyc01g096740.4","-",80013844,80014252,"12,27,20","0,0,0","36,34,26","3,12,14",5.43315023114663e-07,0.359
40,"RI","Solyc01g101070.3","-",83205209,83205479,"7,5,5","0,0,0","1,0,0","0,2,2",4.53468136694261e-05,0.667
50,"RI","Solyc01g101070.3","-",83202590,83203052,"2,1,9","0,0,5","0,0,0","5,2,1",5.65883871499334e-06,0.842
120,"RI","Solyc01g101070.3","-",83202590,83203052,"0,2,0","2,6,2","11,2,5","1,1,0",4.9669381470858e-08,-0.751
40,"RI","Solyc01g103020.4","+",83964069,83964514,"84,88,93","0,2,2","73,69,59","5,13,21",1.74757794919289e-06,0.242
60,"RI","Solyc01g103020.4","+",83963736,83964124,"52,54,42","43,48,55","10,29,22","40,57,52",0.00081779671712006,0.175
70,"RI","Solyc01g103020.4","+",83963736,83964124,"37,80,39","43,53,39","6,14,12","47,26,24",0.000406176609523852,0.197
80,"RI","Solyc01g103020.4","+",83963736,83964124,"47,38,45","32,39,38","8,11,24","39,20,51",0.000234670758677723,0.208
105,"RI","Solyc01g103020.4","+",83963736,83964124,"47,34,35","43,43,33","16,16,9","32,39,43",0.000593940603283361,0.173
120,"RI","Solyc01g103020.4","+",83963736,83964124,"51,44,36","50,35,44","3,12,10","41,22,48",2.96997646139076e-06,0.224
120,"RI","Solyc01g103020.4","+",83964066,83964514,"80,74,81","1,0,1","68,36,32","7,8,5",4.16287362462877e-07,0.223
15,"RI","Solyc01g103660.4","+",84500282,84500676,"18,30,21","54,91,56","6,3,5","68,29,50",0.000340158753073186,0.101
20,"RI","Solyc01g103660.4","+",84500282,84500676,"31,21,29","75,62,63","6,8,4","63,68,68",1.34625968581865e-06,0.124
40,"RI","Solyc01g103660.4","+",84504238,84504508,"36,27,51","127,145,139","47,47,59","97,72,91",0.0006298962807636,-0.124
105,"RI","Solyc01g103660.4","+",84504240,84504512,"28,31,21","86,84,84","48,55,77","91,78,81",0.000527098726736324,-0.146
105,"RI","Solyc01g103660.4","+",84503087,84503328,"3,9,0","109,95,124","20,21,35","97,59,94",2.14892301484068e-12,-0.12
120,"RI","Solyc01g103660.4","+",84500164,84500340,"0,0,1","50,53,72","34,12,21","37,39,17",0,-0.327
120,"RI","Solyc01g103660.4","+",84500282,84500676,"2,10,4","53,63,60","35,13,17","61,37,28",5.8714844144342e-08,-0.16
120,"RI","Solyc01g103660.4","+",84503087,84503328,"3,12,10","62,137,64","37,35,29","72,77,73",1.68143773357648e-09,-0.145
70,"RI","Solyc01g105880.4","+",86208875,86209355,"11,13,26","38,69,64","4,2,4","82,81,70",2.06546789501309e-07,0.13
90,"RI","Solyc01g105880.4","+",86208875,86209355,"24,20,19","82,54,73","8,4,1","140,130,124",5.14214739166068e-13,0.145
105,"RI","Solyc01g105880.4","+",86208875,86209355,"11,23,28","29,34,70","24,4,8","149,119,127",8.56684745513565e-09,0.183
25,"RI","Solyc01g109330.3","-",88648740,88649029,"6,2,5","18,28,4","0,0,0","16,19,28",0.00053075174577676,0.22
90,"RI","Solyc01g109330.3","-",88648740,88649029,"4,6,6","21,12,31","1,0,0","26,25,17",0.000160992720509809,0.145
105,"RI","Solyc01g109330.3","-",88648740,88649029,"12,6,12","19,17,20","1,2,2","16,25,12",0.000544276749890938,0.188
70,"RI","Solyc01g109700.3","+",88942379,88942877,"52,89,49","11,3,15","13,16,7","11,9,6",0.0039982072723364,0.35
90,"RI","Solyc01g109700.3","+",88942379,88942877,"30,35,33","9,4,6","5,0,1","4,6,8",9.32951592168884e-06,0.576
105,"RI","Solyc01g109700.3","+",88942379,88942877,"23,39,23","7,4,0","2,8,5","2,17,12",6.43106272870331e-07,0.586
70,"RI","Solyc01g112000.4","+",90488224,90488604,"13,24,21","707,1286,530","431,466,428","672,631,725",0,-0.281
90,"RI","Solyc01g112000.4","+",90488233,90488610,"13,12,10","571,1115,605","532,433,609","1115,925,1030",0,-0.237
105,"RI","Solyc01g112000.4","+",90488233,90488610,"17,14,7","717,701,639","501,664,537","1019,1363,922",0,-0.239
80,"RI","Solyc01g150167.1","+",86453778,86453938,"31,41,18","21,20,55","3,13,3","59,47,37",6.64738713619677e-05,0.336
80,"RI","Solyc01g150167.1","+",86453558,86453938,"20,29,29","21,22,37","1,8,2","55,46,55",0,0.317
90,"RI","Solyc01g150167.1","+",86453778,86453938,"44,17,28","27,12,43","9,10,7","39,55,73",1.74075229082586e-08,0.335
90,"RI","Solyc01g150167.1","+",86453558,86453938,"41,18,35","43,19,45","4,10,10","47,58,75",6.94523803549291e-12,0.263
120,"RI","Solyc01g150167.1","+",86453558,86453938,"44,18,21","37,24,24","3,6,6","60,53,58",0,0.292
120,"RI","Solyc01g150167.1","+",86453778,86453938,"28,23,12","49,24,18","8,9,8","69,49,53",8.2180503538203e-07,0.233
80,"RI","Solyc02g005180.3","+",6944644,6945027,"147,160,130","0,27,37","91,67,70","45,46,35",0.000135016515154721,0.32
80,"RI","Solyc02g005180.3","+",6944498,6944713,"41,74,63","5,16,4","65,47,57","0,0,1",2.26472664910377e-06,-0.157
90,"RI","Solyc02g005180.3","+",6944644,6945027,"86,90,139","10,22,14","74,72,77","30,37,61",1.26728056296417e-05,0.294
105,"RI","Solyc02g005180.3","+",6944644,6945027,"74,139,150","23,24,0","76,60,66","31,44,37",0.00031436438426247,0.311
120,"RI","Solyc02g005180.3","+",6944644,6945027,"80,116,103","8,23,21","67,44,39","51,22,24",9.48124298703134e-07,0.305
70,"RI","Solyc02g021440.4","-",21115727,21116206,"15,25,17","0,0,1","11,12,10","8,3,2",2.34708229182978e-05,0.354
80,"RI","Solyc02g021440.4","-",21115934,21116206,"1,0,0","11,1,11","7,1,2","6,1,2",0.000102694139748434,-0.367
80,"RI","Solyc02g021440.4","-",21115934,21116206,"12,12,13","6,6,1","28,15,18","0,0,0",2.26472664910377e-06,-0.362
90,"RI","Solyc02g021440.4","-",21115934,21116206,"0,0,0","1,2,1","10,9,6","11,1,5",4.43419489758958e-06,-0.536
50,"RI","Solyc02g061840.3","-",31357409,31357859,"64,62,64","42,55,31","20,41,24","48,62,59",6.02224505181911e-05,0.254
60,"RI","Solyc02g061840.3","-",31357409,31357859,"66,86,45","48,98,52","27,35,19","62,67,98",0.000108708136067112,0.199
70,"RI","Solyc02g061840.3","-",31357409,31357859,"74,82,72","51,91,30","35,23,27","84,68,86",2.2772274063514e-06,0.296
80,"RI","Solyc02g061840.3","-",31357409,31357859,"51,60,76","55,45,47","28,20,25","79,62,64",1.22043694961945e-07,0.259
90,"RI","Solyc02g061840.3","-",31357409,31357859,"53,48,55","58,39,36","16,28,29","85,58,105",3.37887700298626e-08,0.267
120,"RI","Solyc02g061840.3","-",31357409,31357859,"50,48,62","37,63,48","31,32,17","76,60,51",0.000321762444437514,0.2
60,"RI","Solyc02g062520.3","-",32218948,32219292,"11,5,14","4,4,3","11,17,16","0,0,1",8.14674685925633e-05,-0.393
70,"RI","Solyc02g062520.3","-",32218948,32219292,"10,18,9","0,4,7","8,15,8","0,0,0",0.000277527826657877,-0.294
5,"RI","Solyc02g067120.4","-",35362917,35363336,"91,89,131","87,112,111","48,36,50","108,159,128",2.90529888089997e-08,0.21
10,"RI","Solyc02g067120.4","-",35362698,35363097,"106,123,114","181,224,163","50,48,37","143,130,158",0.00038247031577029,0.116
15,"RI","Solyc02g067120.4","-",35362698,35363097,"147,140,110","140,226,189","42,37,61","192,164,175",3.73496686743463e-07,0.181
15,"RI","Solyc02g067120.4","-",35362917,35363336,"144,121,138","117,141,128","54,79,47","127,102,158",0.000997013336338148,0.169
20,"RI","Solyc02g067120.4","-",35362917,35363336,"181,115,124","218,146,119","53,39,69","117,172,93",0.00957319341355171,0.139
20,"RI","Solyc02g067120.4","-",35362698,35363097,"201,104,109","267,180,202","41,40,53","116,170,136",0.000168369070246022,0.116
25,"RI","Solyc02g067120.4","-",35362917,35363207,"171,221,183","202,251,222","56,33,38","117,101,109",6.23181699318674e-06,0.158
50,"RI","Solyc02g067120.4","-",35362698,35363097,"51,84,48","12,32,10","19,52,35","1,2,4",0.00143675322377861,-0.196
50,"RI","Solyc02g067120.4","-",35362917,35363309,"70,124,104","220,360,257","65,67,56","113,112,74",0.00353355114322092,-0.108
70,"RI","Solyc02g067120.4","-",35362698,35363097,"74,90,16","21,0,4","46,46,56","0,0,2",0.000579650395204352,-0.173
70,"RI","Solyc02g067120.4","-",35362698,35363097,"98,128,27","440,467,235","58,64,87","137,145,153",1.75798430835853e-06,-0.124
70,"RI","Solyc02g067120.4","-",35362921,35363340,"110,127,59","265,339,162","52,55,82","87,84,90",0.00191824568756891,-0.118
90,"RI","Solyc02g067120.4","-",35362698,35363097,"32,80,26","148,142,199","124,102,141","157,160,151",8.1847411362245e-06,-0.185
90,"RI","Solyc02g067120.4","-",35362921,35363340,"52,92,30","114,113,133","134,114,105","113,141,109",0.00767514288326499,-0.156
105,"RI","Solyc02g067120.4","-",35362917,35363336,"45,48,40","222,193,109","107,140,128","152,124,132",7.10605283536035e-14,-0.228
105,"RI","Solyc02g067120.4","-",35362698,35363097,"44,47,30","264,262,186","111,115,164","150,163,243",0,-0.221
105,"RI","Solyc02g067120.4","-",35362698,35363097,"102,108,59","14,7,4","128,110,163","2,4,3",0.00227812871614649,-0.105
120,"RI","Solyc02g067120.4","-",35362921,35363340,"28,98,23","72,145,76","205,116,143","131,71,105",3.98925534669424e-09,-0.274
120,"RI","Solyc02g067120.4","-",35362698,35363097,"26,120,19","118,142,104","146,142,141","190,102,120",0.000744743741737347,-0.222
120,"RI","Solyc02g067120.4","-",35362698,35363097,"50,134,29","3,14,6","150,117,135","4,1,5",0.00317294676576852,-0.145
10,"RI","Solyc02g068430.4","-",36399329,36399731,"174,263,285","541,528,491","67,85,107","530,524,553",0,0.114
15,"RI","Solyc02g068430.4","-",36399333,36399733,"346,473,418","534,628,615","114,49,115","615,487,551",0,0.182
20,"RI","Solyc02g068430.4","-",36399333,36399733,"453,365,372","702,513,597","109,121,70","574,698,560",0,0.173
25,"RI","Solyc02g068430.4","-",36401672,36401972,"15,12,12","17,26,31","0,0,0","4,4,2",0.000194407907238538,0.23
25,"RI","Solyc02g068430.4","-",36399329,36399731,"542,455,453","764,724,668","62,64,61","591,647,451",0,0.198
30,"RI","Solyc02g068430.4","-",36399333,36399733,"404,253,516","599,629,738","78,116,96","525,577,553",0,0.146
70,"RI","Solyc02g068430.4","-",36401672,36401972,"3,4,12","2,6,3","2,3,3","0,0,0",3.02573971325445e-07,-0.551
60,"RI","Solyc02g069780.3","+",37619074,37619399,"14,25,9","8,3,5","5,22,8","0,0,0",2.30049597303141e-06,-0.416
70,"RI","Solyc02g069780.3","+",37619074,37619379,"3,8,8","1,5,1","6,7,2","0,0,0",0.000223767865218205,-0.384
120,"RI","Solyc02g069780.3","+",37619074,37619399,"13,11,14","0,1,0","4,1,9","7,2,4",3.70895627475607e-07,0.631
105,"RI","Solyc02g071890.3","+",39282281,39282624,"0,0,0","4,4,3","1,8,1","3,5,6",0.000675927526068433,-0.233
120,"RI","Solyc02g071890.3","+",39282281,39282624,"0,1,0","7,4,3","5,5,2","1,2,2",1.23401090568326e-05,-0.512
15,"RI","Solyc02g076760.3","-",39856406,39856779,"2,9,6","0,0,0","2,9,6","1,3,3",0.00015879092695978,0.467
90,"RI","Solyc02g076760.3","-",39856406,39856779,"5,7,5","4,0,4","1,3,11","0,0,0",0.000181470720447452,-0.41
105,"RI","Solyc02g076760.3","-",39856405,39856779,"5,5,2","4,1,3","2,4,6","0,0,1",0.000479124262211509,-0.467
25,"RI","Solyc02g078790.4","+",41413920,41414407,"0,0,0","1,5,1","1,2,2","0,0,0",2.63221929101109e-10,-1
90,"RI","Solyc02g078790.4","+",41413950,41414248,"37,32,41","102,85,115","10,9,13","104,86,133",1.46957465859868e-07,0.131
105,"RI","Solyc02g078790.4","+",41413950,41414248,"42,34,31","138,139,99","17,7,10","144,137,127",3.60326451254208e-07,0.106
120,"RI","Solyc02g078790.4","+",41413950,41414248,"36,30,25","84,96,71","5,14,5","145,93,113",1.34804654064895e-10,0.144
15,"RI","Solyc02g078900.3","-",41514779,41515044,"51,98,63","109,160,104","27,13,17","131,94,64",8.83804056827555e-07,0.152
20,"RI","Solyc02g078900.3","-",41514779,41515044,"82,68,51","148,73,108","33,33,11","112,109,94",0.000333157601339072,0.161
60,"RI","Solyc02g080570.3","+",42744462,42744903,"3,4,13","0,0,0","2,0,2","1,1,3",0.000344178477481348,0.729
105,"RI","Solyc02g080570.3","+",42744462,42744903,"3,4,5","0,6,2","0,1,0","3,7,3",0.000145617919395512,0.58
120,"RI","Solyc02g080570.3","+",42744462,42744903,"8,0,2","0,1,0","0,1,2","1,5,1",0.000847296197612794,0.453
25,"RI","Solyc02g082660.3","+",44311372,44311846,"6,19,9","46,55,32","0,0,0","55,54,25",5.89768260729789e-08,0.11
60,"RI","Solyc02g082660.3","+",44311797,44312234,"20,21,5","3,6,0","8,8,4","0,0,0",0.000642436514273893,-0.188
70,"RI","Solyc02g082660.3","+",44311248,44311641,"12,18,5","1,3,0","1,1,2","2,4,5",1.04690590307675e-05,0.71
80,"RI","Solyc02g082660.3","+",44311248,44311641,"3,8,1","4,3,0","4,9,3","0,0,0",0.0004362241012046,-0.385
80,"RI","Solyc02g082660.3","+",44301705,44302113,"5,3,8","8,6,7","0,0,0","7,7,2",1.23988288881144e-05,0.3
80,"RI","Solyc02g083180.4","-",44676236,44676724,"54,83,31","7,6,10","32,34,27","22,18,28",0.000130011100376404,0.342
105,"RI","Solyc02g083180.4","-",44676236,44676724,"46,74,66","17,16,9","43,19,26","20,31,35",0.000709732966836641,0.345
120,"RI","Solyc02g083180.4","-",44676236,44676724,"37,41,37","25,8,5","21,18,20","38,25,25",0.000346963046238276,0.389
80,"RI","Solyc02g085570.4","+",46416239,46416644,"17,24,28","76,81,75","10,4,4","115,95,92",9.40344280879321e-08,0.101
90,"RI","Solyc02g085570.4","+",46416239,46416644,"31,26,24","105,63,73","10,12,15","138,93,183",2.45195286271227e-07,0.102
20,"RI","Solyc02g088230.3","-",48423250,48423745,"1,0,2","54,49,45","9,9,5","38,51,24",5.13750324719784e-05,-0.102
90,"RI","Solyc02g088230.3","-",48423030,48423507,"0,2,2","37,20,42","14,11,12","48,35,35",8.68179250697286e-06,-0.142
105,"RI","Solyc02g088230.3","-",48423250,48423745,"1,2,4","37,19,26","17,10,17","46,27,34",0.00021853339172135,-0.15
105,"RI","Solyc02g088230.3","-",48422638,48423077,"0,4,0","43,35,30","10,8,6","29,41,27",0.000155953357352672,-0.122
120,"RI","Solyc02g088230.3","-",48422638,48423115,"0,0,0","29,30,18","8,6,7","36,26,36",8.37674835728711e-06,-0.128
50,"RI","Solyc02g090470.4","+",50050876,50051305,"28,73,101","344,147,366","2,21,8","429,675,209",0,0.112
60,"RI","Solyc02g090470.4","+",50050876,50051305,"150,142,162","415,410,412","7,6,8","347,529,243",0,0.15
70,"RI","Solyc02g090470.4","+",50050876,50051305,"113,229,94","349,718,515","1,2,1","236,289,316",0,0.122
25,"RI","Solyc02g092410.3","-",51509069,51509493,"2,5,12","34,35,32","0,0,0","63,55,59",1.44241412869155e-05,0.1
30,"RI","Solyc02g092410.3","-",51508736,51509169,"11,15,14","43,55,37","0,5,1","62,52,51",1.70588279256636e-06,0.112
40,"RI","Solyc02g092410.3","-",51509251,51509575,"11,8,24","36,44,45","1,6,2","64,73,56",2.40521279028018e-06,0.148
60,"RI","Solyc02g093320.4","-",52279529,52279840,"30,45,35","39,45,32","17,19,22","48,56,52",0.000636436436476092,0.165
80,"RI","Solyc02g093320.4","-",52279539,52279861,"21,51,19","32,33,33","5,2,9","50,38,33",7.48429889663415e-07,0.238
90,"RI","Solyc02g093320.4","-",52279529,52279840,"38,39,31","29,35,29","10,18,8","50,34,62",1.91663930498541e-07,0.247
105,"RI","Solyc02g093320.4","-",52279529,52279840,"38,35,28","31,23,21","4,16,6","50,45,71",3.65601269067288e-14,0.327
5,"RI","Solyc02g093670.3","+",52489148,52489638,"7,5,8","8,0,4","6,7,21","0,0,0",0.000130841155946146,-0.399
25,"RI","Solyc02g093670.3","+",52489148,52489638,"10,10,12","0,0,0","4,2,5","2,5,2",2.17661736990011e-07,0.592
40,"RI","Solyc02g093670.3","+",52489148,52489638,"6,2,5","0,1,0","3,1,1","2,3,0",0.00847747151490362,0.309
80,"RI","Solyc02g093670.3","+",52489148,52489638,"10,13,8","0,0,0","9,4,9","3,0,4",0.000826550532731973,0.29
90,"RI","Solyc02g093670.3","+",52489148,52489638,"14,12,12","2,0,0","4,6,6","1,7,1",0.00216110806308193,0.354
105,"RI","Solyc02g093670.3","+",52489148,52489638,"16,23,9","0,1,0","4,3,9","1,4,2",0.000144138419543487,0.429
50,"RI","Solyc03g007270.3","+",1864191,1864476,"17,16,20","14,13,5","8,3,2","17,30,14",0.000134262881249742,0.386
60,"RI","Solyc03g007270.3","+",1864191,1864476,"17,22,22","4,13,16","0,1,0","10,5,16",1.46687737428395e-10,0.503
90,"RI","Solyc03g007270.3","+",1864156,1864476,"14,20,22","12,11,4","2,3,5","25,10,6",0.000580084453466753,0.38
105,"RI","Solyc03g007270.3","+",1864191,1864476,"26,20,6","9,15,7","1,4,3","16,21,5",0.000144138419543487,0.326
120,"RI","Solyc03g007270.3","+",1864191,1864476,"20,13,3","0,8,5","1,0,7","18,18,20",0.000515905628961555,0.509
60,"RI","Solyc03g025970.3","+",3383646,3384112,"8,5,8","1,0,0","0,4,0","2,6,5",4.60673544623894e-09,0.85
70,"RI","Solyc03g025970.3","+",3383759,3384112,"2,5,3","1,2,0","0,1,0","8,1,4",5.24974355857499e-05,0.574
120,"RI","Solyc03g025970.3","+",3383980,3384310,"16,2,8","82,82,88","29,34,25","100,59,71",2.1163223980993e-06,-0.122
5,"RI","Solyc03g059260.4","-",24187611,24187905,"9,23,16","40,58,61","1,6,2","24,61,46",0.000482016073897804,0.118
10,"RI","Solyc03g059260.4","-",24187376,24187784,"68,89,39","92,143,81","8,7,12","47,44,66",1.02874408911796e-06,0.163
10,"RI","Solyc03g059260.4","-",24187611,24187905,"27,17,21","76,131,60","1,2,2","33,29,43",0.000184273093284868,0.116
15,"RI","Solyc03g059260.4","-",24190365,24190689,"11,8,11","40,45,50","2,1,0","30,31,18",0.000579363327814083,0.111
60,"RI","Solyc03g082820.3","+",47251256,47251600,"12,18,28","12,19,13","7,6,3","34,32,31",5.65659747921582e-07,0.345
70,"RI","Solyc03g082820.3","+",47251256,47251600,"13,23,19","11,36,27","3,8,4","19,29,34",0.000538403026311063,0.231
80,"RI","Solyc03g082820.3","+",47251256,47251600,"33,16,17","26,33,27","11,0,2","25,32,22",0.000858407713842591,0.224
90,"RI","Solyc03g082820.3","+",47251256,47251600,"11,13,22","17,23,27","5,3,4","33,23,20",0.000324107517878011,0.2
120,"RI","Solyc03g082820.3","+",47251256,47251600,"19,27,10","10,7,10","4,0,6","28,19,13",2.04611640395792e-06,0.437
105,"RI","Solyc03g093510.2","+",49414810,49414994,"96,79,61","11,9,0","77,70,63","1,0,0",6.53672496543578e-05,-0.101
120,"RI","Solyc03g093510.2","+",49418153,49418482,"6,41,15","114,216,183","36,67,66","173,175,123",5.34141517873883e-07,-0.118
50,"RI","Solyc03g097180.3","-",54076843,54077195,"12,12,19","1,2,7","6,12,1","0,0,0",0.000113707050641346,-0.272
60,"RI","Solyc03g097180.3","-",54076843,54077195,"9,10,1","6,12,0","5,13,10","0,0,0",1.07998421825208e-05,-0.426
80,"RI","Solyc03g097180.3","-",54076843,54077195,"9,13,29","6,6,3","5,11,11","0,1,0",0.000450281142928383,-0.356
60,"RI","Solyc03g098320.4","-",55174952,55175243,"16,30,42","592,558,597","136,115,132","244,344,323",0,-0.166
70,"RI","Solyc03g098320.4","-",55174950,55175213,"27,17,19","455,709,459","138,95,105","259,263,273",0,-0.168
70,"RI","Solyc03g098320.4","-",55175094,55175475,"52,104,82","490,746,511","142,119,149","322,291,341",0,-0.123
80,"RI","Solyc03g098320.4","-",55175094,55175475,"28,45,53","348,439,529","156,113,173","349,352,393",0,-0.133
90,"RI","Solyc03g098320.4","-",55175094,55175475,"41,29,39","438,393,395","145,130,129","339,316,484",0,-0.122
50,"RI","Solyc03g112050.4","+",57016248,57016581,"266,339,367","454,448,399","220,222,131","480,612,454",1.89819367391309e-07,0.129
60,"RI","Solyc03g112050.4","+",57016248,57016581,"424,409,361","518,617,498","120,201,159","574,619,775",0,0.178
70,"RI","Solyc03g112050.4","+",57016248,57016581,"406,527,307","442,729,448","103,136,144","486,560,526",0,0.19
80,"RI","Solyc03g112050.4","+",57016248,57016581,"365,436,397","488,556,425","139,85,151","594,530,599",0,0.215
90,"RI","Solyc03g112050.4","+",57016248,57016581,"261,374,330","492,393,395","96,99,131","598,545,676",0,0.217
90,"RI","Solyc03g112050.4","+",57016692,57017129,"152,138,131","436,363,405","41,47,50","483,444,536",0,0.104
105,"RI","Solyc03g112050.4","+",57016248,57016581,"313,403,284","513,492,601","92,122,106","597,571,587",0,0.174
105,"RI","Solyc03g112050.4","+",57016692,57017129,"168,128,151","437,417,497","24,41,20","447,460,435",0,0.112
120,"RI","Solyc03g112050.4","+",57016248,57016581,"283,374,293","522,509,539","102,68,53","594,437,539",0,0.188
120,"RI","Solyc03g112050.4","+",57016692,57017129,"99,148,124","370,415,425","37,21,20","440,338,387",0,0.1
60,"RI","Solyc03g115680.4","+",59747000,59747164,"28,26,29","5,12,35","52,39,58","0,5,0",5.46699604456449e-06,-0.387
90,"RI","Solyc03g115680.4","+",59739743,59740149,"1,1,2","4,5,2","9,2,8","0,0,0",1.89522597239433e-12,-0.804
105,"RI","Solyc03g115680.4","+",59739743,59740149,"6,3,1","2,6,1","8,6,13","1,0,0",3.3603862926913e-05,-0.518
105,"RI","Solyc03g115970.2","+",59952098,59952511,"1,0,0","16,8,17","4,1,5","8,1,14",0.000483642824052369,-0.258
105,"RI","Solyc03g115970.2","+",59952337,59952824,"1,0,3","23,4,29","5,5,20","12,9,22",1.57357394253009e-05,-0.256
120,"RI","Solyc03g115970.2","+",59952098,59952386,"0,3,2","3,3,0","6,1,5","0,0,0",0.000359486109840582,-0.543
120,"RI","Solyc03g115970.2","+",59952337,59952824,"0,0,0","13,14,11","2,7,6","14,12,21",6.22072520549097e-05,-0.175
30,"RI","Solyc03g116500.4","+",60359459,60359834,"3,6,1","4,2,2","3,1,3","0,0,0",4.48182310240845e-06,-0.606
90,"RI","Solyc03g116500.4","+",60358425,60358787,"33,20,42","0,0,1","24,34,23","3,7,7",5.78156600320792e-06,0.275
105,"RI","Solyc03g116500.4","+",60359459,60359834,"1,4,8","0,0,0","2,0,0","4,8,4",0,0.923
70,"RI","Solyc03g116890.3","-",60595886,60596193,"38,65,4","5,25,4","1,6,5","0,0,0",7.20513659607194e-05,-0.386
105,"RI","Solyc03g116890.3","-",60595886,60596193,"12,0,2","209,128,36","35,20,21","7,24,10",0,-0.543
120,"RI","Solyc03g116890.3","-",60595908,60596193,"0,5,0","7,88,6","32,58,27","25,40,29",0,-0.429
105,"RI","Solyc03g117680.4","-",61204016,61204501,"8,1,2","162,142,121","7,17,4","11,119,24",1.41413203519484e-05,-0.133
120,"RI","Solyc03g117680.4","-",61204016,61204501,"3,7,0","82,102,77","21,18,4","20,24,20",2.83010029640595e-10,-0.247
5,"RI","Solyc03g119250.4","-",62337628,62338038,"51,66,87","83,118,150","1,4,2","56,67,53",0,0.252
70,"RI","Solyc03g119250.4","-",62337628,62338038,"7,9,6","196,256,69","14,3,21","39,45,28",4.05841938674345e-06,-0.153
80,"RI","Solyc03g119250.4","-",62337628,62338038,"2,6,39","96,88,517","17,21,20","39,30,27",0,-0.252
90,"RI","Solyc03g119250.4","-",62337628,62338038,"1,16,2","41,380,76","35,18,44","81,44,70",0,-0.22
105,"RI","Solyc03g119250.4","-",62337628,62338038,"4,5,4","91,91,82","34,37,17","89,82,45",4.58663410283825e-13,-0.176
120,"RI","Solyc03g119250.4","-",62337628,62338038,"0,38,2","55,611,35","36,52,25","70,85,123",3.586351779413e-14,-0.193
40,"RI","Solyc03g120000.3","-",62954763,62955210,"5,3,17","0,0,0","0,7,0","2,0,3",0.000177022922192882,0.667
50,"RI","Solyc03g120000.3","-",62954322,62954681,"9,4,10","0,1,0","6,4,4","3,1,13",9.07009102340276e-05,0.456
60,"RI","Solyc03g120470.4","-",63302310,63302705,"148,153,201","19,22,14","51,113,73","32,40,63",4.71883864804233e-09,0.324
80,"RI","Solyc03g120470.4","-",63302310,63302705,"147,174,114","15,18,11","78,36,72","40,58,56",5.21496179572904e-12,0.432
90,"RI","Solyc03g120470.4","-",63302310,63302705,"212,124,177","8,6,19","48,53,60","66,55,61",0,0.547
105,"RI","Solyc03g120470.4","-",63302310,63302705,"168,163,173","20,29,35","78,33,44","71,60,74",0,0.478
105,"RI","Solyc03g120470.4","-",63295752,63296087,"1,0,2","73,76,64","75,52,37","80,77,82",0,-0.269
105,"RI","Solyc03g120470.4","-",63302310,63302705,"170,165,173","15,16,17","78,33,44","16,15,16",0.000391382968571515,0.232
120,"RI","Solyc03g120470.4","-",63302310,63302705,"109,106,105","13,12,11","70,46,31","67,62,48",0,0.511
120,"RI","Solyc03g120470.4","-",63295752,63296087,"1,1,1","77,122,66","65,39,46","77,59,54",0,-0.303
120,"RI","Solyc03g120470.4","-",63302310,63302705,"109,106,105","0,0,0","71,48,31","20,11,5",0,0.296
120,"RI","Solyc03g120470.4","-",63297048,63297302,"1,2,7","87,63,55","43,48,22","79,68,46",0,-0.207
120,"RI","Solyc03g120470.4","-",63297048,63297481,"5,2,3","92,67,51","38,32,13","92,83,51",1.46683417937292e-10,-0.131
90,"RI","Solyc03g121510.4","-",64037228,64037699,"31,10,20","14,5,13","3,10,4","24,25,18",2.11763035534711e-07,0.421
105,"RI","Solyc03g121510.4","-",64037228,64037699,"25,27,12","14,9,7","6,36,13","26,61,29",2.92091306223346e-05,0.366
105,"RI","Solyc03g121510.4","-",64036963,64037302,"14,13,8","12,20,26","7,14,2","33,139,53",2.76094557834278e-05,0.194
120,"RI","Solyc03g121510.4","-",64037228,64037699,"17,11,7","7,8,20","5,4,6","34,39,29",0.000781098472601585,0.339
40,"RI","Solyc04g005860.3","-",566081,566406,"86,92,108","7,5,15","59,51,41","37,31,35",2.62530737890841e-13,0.408
50,"RI","Solyc04g005860.3","-",566081,566406,"70,75,83","4,11,4","45,47,17","44,32,43",2.36986188249135e-12,0.538
60,"RI","Solyc04g005860.3","-",566081,566406,"66,77,104","10,6,16","16,59,34","33,51,72",0,0.543
70,"RI","Solyc04g005860.3","-",566081,566406,"76,140,82","9,21,4","25,24,12","45,68,50",0,0.671
80,"RI","Solyc04g005860.3","-",566081,566406,"66,81,70","20,12,10","15,14,16","68,42,51",0,0.609
90,"RI","Solyc04g005860.3","-",566081,566423,"101,95,72","15,23,16","12,12,7","55,44,76",0,0.642
105,"RI","Solyc04g005860.3","-",566081,566406,"86,88,81","5,9,13","9,32,27","41,73,62",0,0.675
120,"RI","Solyc04g005860.3","-",566081,566406,"80,74,76","6,16,8","15,5,7","90,68,55",0,0.755
50,"RI","Solyc04g015100.3","+",5312784,5313222,"5,6,3","0,0,0","1,0,0","5,6,2",0,0.966
60,"RI","Solyc04g015100.3","+",5312520,5312879,"10,8,3","0,0,0","1,3,1","0,4,2",0.000615937083256183,0.509
10,"RI","Solyc04g015470.3","-",5703316,5703655,"6,6,6","0,0,0","7,1,0","3,1,4",6.85371867189097e-07,0.68
90,"RI","Solyc04g015470.3","-",5703316,5703756,"4,1,1","0,0,0","0,0,0","2,2,1",6.5837921968568e-11,1
105,"RI","Solyc04g015470.3","-",5703316,5703639,"1,5,6","0,0,0","0,0,2","1,3,1",1.1066783591857e-06,0.818
90,"RI","Solyc04g025990.3","+",19330758,19331031,"38,34,47","8,2,8","35,34,39","26,13,33",0.000600304050601417,0.335
105,"RI","Solyc04g025990.3","+",19330758,19331031,"61,59,63","16,6,17","22,42,38","16,33,32",5.21032418558735e-05,0.322
105,"RI","Solyc04g026030.3","+",18911365,18911669,"4,1,2","0,0,1","2,4,0","3,4,1",0.000313538381079805,0.636
120,"RI","Solyc04g026030.3","+",18911365,18911669,"1,3,2","0,0,0","0,4,1","4,2,6",2.8033316408911e-11,0.802
15,"RI","Solyc04g049630.3","-",41853460,41853755,"59,63,56","4,8,12","63,56,48","2,0,1",0.000233162002324595,-0.166
40,"RI","Solyc04g049630.3","-",41853460,41853755,"62,71,75","8,6,9","90,59,80","0,0,0",3.33987985569358e-07,-0.172
105,"RI","Solyc04g049630.3","-",41853465,41853755,"38,54,65","1,0,0","52,54,56","0,10,5",0.000373439879657463,0.118
120,"RI","Solyc04g049630.3","-",41853460,41853755,"63,69,47","0,4,2","56,57,49","15,6,8",0.000471502914451338,0.188
105,"RI","Solyc04g049690.3","-",42279363,42279789,"33,32,40","45,47,86","5,17,3","43,38,29",0.00335310953173733,0.148
120,"RI","Solyc04g049690.3","-",42279363,42279789,"58,34,35","39,74,38","5,7,10","35,21,35",0.000795464674547705,0.206
105,"RI","Solyc04g057990.4","-",54424755,54425146,"81,134,71","63,58,52","40,53,37","60,68,58",0.000645283626875404,0.187
120,"RI","Solyc04g057990.4","-",54424755,54425146,"86,108,67","61,63,28","57,28,31","77,55,46",1.33340980312086e-05,0.232
80,"RI","Solyc04g077120.4","+",60064223,60064652,"5,1,0","54,79,127","14,17,8","36,43,42",1.53836535347218e-10,-0.122
90,"RI","Solyc04g077120.4","+",60064223,60064652,"5,5,1","86,109,73","5,15,25","41,51,52",9.12986814262017e-08,-0.107
105,"RI","Solyc04g077120.4","+",60064223,60064652,"0,11,0","78,54,67","24,20,14","51,105,39",1.7858094447986e-06,-0.112
30,"RI","Solyc04g079940.3","-",62237303,62237757,"4,10,15","2,11,1","2,0,0","6,1,2",0.000991676920200381,0.517
40,"RI","Solyc04g079940.3","-",62237303,62237757,"11,14,17","10,12,5","2,2,1","0,0,0",4.62909093974162e-05,-0.549
40,"RI","Solyc04g079940.3","-",62237303,62237757,"11,14,19","8,10,4","3,2,3","1,0,0",0.00302687209277593,-0.359
50,"RI","Solyc04g079940.3","-",62237303,62237757,"10,12,11","5,6,1","0,0,0","2,2,1",2.7463535452474e-06,0.615
105,"RI","Solyc04g079940.3","-",62237303,62237757,"0,1,0","1,2,2","2,1,3","0,0,0",1.96692292427898e-09,-0.933
105,"RI","Solyc04g079940.3","-",62237303,62237757,"0,1,0","8,2,2","2,1,3","0,2,0",0.000168438343584732,-0.667
120,"RI","Solyc04g079940.3","-",62237303,62237757,"6,2,0","4,5,3","2,8,6","0,2,0",0.000140522940027712,-0.69
30,"RI","Solyc04g079970.3","+",62262548,62262798,"6,5,5","0,0,0","5,4,11","4,2,3",1.46946571071329e-05,0.446
40,"RI","Solyc04g079970.3","+",62262548,62262839,"11,15,6","0,0,0","12,3,2","1,2,7",4.61541321877227e-05,0.5
80,"RI","Solyc04g079970.3","+",62262548,62262839,"7,9,9","0,1,0","3,7,5","1,4,2",0.000858434743254173,0.363
80,"RI","Solyc04g080840.3","+",62891432,62891931,"9,15,4","56,49,42","33,25,49","60,54,52",0.000101309717989571,-0.157
90,"RI","Solyc04g080840.3","+",62891434,62891931,"1,9,8","27,58,30","27,60,53","38,48,86",2.51973507985755e-07,-0.225
105,"RI","Solyc04g080840.3","+",62891434,62891931,"7,12,5","30,58,46","86,74,57","21,49,37",3.02717850786502e-13,-0.429
105,"RI","Solyc04g080840.3","+",62890262,62890736,"0,0,0","50,32,37","19,8,12","40,41,49",1.95120968861349e-09,-0.13
120,"RI","Solyc04g080840.3","+",62891443,62891931,"5,1,3","64,49,33","38,81,71","52,18,37",2.63326651199549e-13,-0.453
120,"RI","Solyc04g080840.3","+",62890262,62890736,"4,2,0","69,54,61","23,9,8","49,64,37",5.43315023114663e-07,-0.103
30,"RI","Solyc04g082290.4","-",63977770,63978146,"37,52,116","220,135,291","2,1,5","179,178,236",0,0.129
40,"RI","Solyc04g082290.4","-",63977770,63978146,"165,57,50","377,306,225","4,8,4","282,185,221",0,0.109
60,"RI","Solyc04g082290.4","-",63977770,63978146,"231,263,79","871,735,275","1,9,7","178,242,192",0,0.119
15,"RI","Solyc04g082420.3","-",64053228,64053695,"14,12,15","5,3,3","4,0,3","7,3,7",0.000915482645553903,0.548
30,"RI","Solyc04g082420.3","-",64051848,64052271,"84,64,88","0,0,0","33,64,59","6,1,11",9.42642266699751e-06,0.155
40,"RI","Solyc04g082420.3","-",64049688,64049985,"42,42,37","1,0,0","18,8,4","3,10,1",4.9087408876161e-06,0.417
105,"RI","Solyc05g006170.4","-",896685,897169,"22,26,18","59,76,60","5,8,6","58,70,74",4.88341450305053e-05,0.1
120,"RI","Solyc05g006170.4","-",896067,896550,"32,40,27","82,122,76","7,7,8","100,92,75",5.04276215442123e-08,0.14
120,"RI","Solyc05g006170.4","-",896685,897169,"38,25,25","60,75,79","14,14,9","94,74,65",0.000908497678665639,0.1
80,"RI","Solyc05g007020.4","-",1660034,1660426,"120,130,93","77,71,68","39,37,58","55,75,61",0.000281764656543348,0.183
90,"RI","Solyc05g007020.4","-",1660034,1660406,"126,124,112","70,69,68","44,35,49","68,70,44",0.000220156518165175,0.202
105,"RI","Solyc05g007020.4","-",1660034,1660409,"96,114,156","115,56,119","34,68,30","53,127,78",0.000500665126318155,0.198
120,"RI","Solyc05g007020.4","-",1660034,1660409,"82,148,70","53,108,85","29,15,25","72,72,79",1.77734708432903e-09,0.253
15,"RI","Solyc05g008580.3","-",2941080,2941428,"11,3,5","0,0,0","0,1,10","3,3,0",0.000315824749449314,0.619
105,"RI","Solyc05g008580.3","-",2942103,2942592,"7,11,12","104,98,91","28,29,29","96,60,86",2.81372743177709e-06,-0.114
120,"RI","Solyc05g008580.3","-",2942358,2942847,"3,5,2","10,2,5","8,3,15","0,1,0",1.34438158545704e-06,-0.582
5,"RI","Solyc05g009220.3","+",3411243,3411490,"7,8,8","1,2,7","4,8,10","0,0,0",4.57357879174068e-05,-0.354
10,"RI","Solyc05g009220.3","+",3411243,3411490,"7,6,5","5,0,3","6,9,8","0,0,0",0.000614597749580049,-0.343
90,"RI","Solyc05g009220.3","+",3411243,3411490,"9,10,6","0,0,0","7,3,2","5,2,7",2.29563760435967e-09,0.635
60,"RI","Solyc05g012110.4","-",5396887,5397318,"146,184,113","176,190,210","90,121,103","338,347,374",1.28440607404051e-08,0.166
70,"RI","Solyc05g012110.4","-",5396887,5397318,"119,125,120","194,248,182","90,76,83","319,263,268",6.47558992813974e-06,0.114
80,"RI","Solyc05g012110.4","-",5396887,5397318,"132,147,163","226,268,240","84,87,95","309,266,323",1.09969826264702e-06,0.117
90,"RI","Solyc05g012110.4","-",5396887,5397318,"156,98,170","321,181,303","80,58,79","277,262,285",3.07984160522035e-06,0.107
20,"RI","Solyc05g012610.3","+",5903311,5903794,"12,12,10","15,0,3","25,21,17","0,0,0",0.000186810720315955,-0.359
25,"RI","Solyc05g012610.3","+",5904296,5904789,"0,8,5","11,0,3","2,9,10","0,0,0",0.000170060781338783,-0.506
105,"RI","Solyc05g012610.3","+",5902956,5903344,"1,0,0","11,1,2","6,7,5","1,3,4",1.04135640602244e-06,-0.578
120,"RI","Solyc05g012610.3","+",5902956,5903372,"6,3,2","2,0,0","4,1,3","11,5,4",0.000135531737469805,0.683
105,"RI","Solyc05g017860.3","-",18803308,18803576,"12,23,29","0,0,0","19,17,10","4,3,6",8.9599642449373e-07,0.361
120,"RI","Solyc05g017860.3","-",18803308,18803576,"8,19,12","0,0,1","16,14,12","7,4,10",2.2098007459991e-06,0.432
25,"RI","Solyc05g025820.4","-",37099919,37100210,"53,42,39","141,132,107","9,9,11","95,117,74",1.62577300340843e-06,0.125
105,"RI","Solyc05g025820.4","-",37099919,37100210,"21,16,11","99,70,67","46,47,39","88,67,83",2.70580373023577e-05,-0.155
120,"RI","Solyc05g025820.4","-",37099919,37100210,"10,13,17","58,146,50","39,59,41","90,84,57",9.62818734755842e-07,-0.176
80,"RI","Solyc05g052910.4","-",62474546,62474929,"3,9,1","81,86,75","20,17,20","60,60,76",5.08849383622891e-07,-0.131
105,"RI","Solyc05g052910.4","-",62474546,62474929,"7,3,11","101,55,88","29,8,16","46,71,48",0.000904730106640522,-0.131
120,"RI","Solyc05g052910.4","-",62476405,62476688,"2,1,1","4,2,2","16,9,1","0,1,0",1.38514817222477e-07,-0.727
120,"RI","Solyc05g052910.4","-",62474546,62474929,"11,7,3","68,103,71","19,21,29","109,64,80",0.000211685033182894,-0.104
80,"RI","Solyc06g011530.3","+",8070902,8071304,"100,121,100","34,31,35","57,68,64","46,44,43",0.000322660385660497,0.199
90,"RI","Solyc06g011530.3","+",8070902,8071304,"121,60,114","34,23,17","77,49,48","56,43,62",9.68110370666287e-06,0.309
105,"RI","Solyc06g011530.3","+",8070902,8071304,"113,84,109","38,37,26","57,59,64","54,43,45",0.000440069382166235,0.213
120,"RI","Solyc06g011530.3","+",8070902,8071304,"112,102,104","36,26,28","80,59,58","50,49,52",1.94702821769907e-06,0.248
60,"RI","Solyc06g051210.3","-",32167064,32167556,"6,8,3","9,4,1","12,3,1","0,0,0",3.00398898157679e-07,-0.485
70,"RI","Solyc06g051210.3","-",32167064,32167556,"3,2,8","3,7,5","3,2,12","0,1,0",6.92382281309474e-05,-0.499
80,"RI","Solyc06g051210.3","-",32167064,32167556,"4,11,4","2,6,0","6,7,10","0,0,0",0.00070374018806388,-0.293
70,"RI","Solyc06g051380.3","+",32489078,32489437,"13,5,1","1,1,1","1,0,2","3,3,2",0.000744994056104125,0.479
90,"RI","Solyc06g051380.3","+",32489078,32489437,"4,3,3","0,0,1","0,1,0","1,1,7",1.334458354725e-08,0.756
105,"RI","Solyc06g051380.3","+",32488945,32489168,"7,2,11","1,1,0","1,2,0","2,5,1",5.32920664765089e-06,0.645
20,"RI","Solyc06g053630.3","-",34251338,34251823,"18,14,14","2,0,0","1,6,3","11,6,5",1.40132691561708e-09,0.729
25,"RI","Solyc06g053630.3","-",34251338,34251835,"19,14,6","0,0,0","4,1,3","3,11,0",8.03789140629394e-05,0.512
60,"RI","Solyc06g053630.3","-",34251338,34251823,"6,0,1","7,7,14","7,4,4","0,1,1",2.59512461177168e-06,-0.671
105,"RI","Solyc06g053630.3","-",34251338,34251835,"3,2,2","0,0,0","6,18,11","3,1,14",1.12573939006821e-05,0.426
105,"RI","Solyc06g053790.3","+",34440129,34440530,"12,18,21","3,0,0","12,16,7","11,4,4",0.000610604506917876,0.371
120,"RI","Solyc06g053790.3","+",34440129,34440530,"11,16,15","0,2,0","14,5,11","13,11,3",5.63815056023e-06,0.518
105,"RI","Solyc06g060420.3","-",36111241,36111465,"21,11,13","13,8,7","1,2,2","12,10,21",2.13580908174248e-08,0.416
120,"RI","Solyc06g060420.3","-",36111241,36111465,"7,11,12","8,1,6","1,2,1","4,5,14",0.000366734657288743,0.462
60,"RI","Solyc06g062920.3","+",37369322,37369709,"2,6,1","97,64,77","23,20,16","65,93,77",8.64301984332543e-08,-0.11
70,"RI","Solyc06g062920.3","+",37369322,37369709,"0,1,2","29,127,57","25,11,8","46,49,76",6.04500408210135e-09,-0.134
80,"RI","Solyc06g062920.3","+",37369322,37369709,"0,3,4","39,56,144","12,8,30","61,29,58",5.98836714677766e-10,-0.147
90,"RI","Solyc06g062920.3","+",37369316,37369709,"6,6,2","55,102,33","30,17,22","82,63,75",1.16658949132206e-05,-0.114
105,"RI","Solyc06g062920.3","+",37369322,37369709,"3,0,0","62,64,40","20,47,11","70,86,59",7.45826588893908e-12,-0.157
120,"RI","Solyc06g062920.3","+",37369316,37369709,"1,4,0","42,197,51","33,49,45","94,80,98",0,-0.213
60,"RI","Solyc06g066470.4","-",39363392,39363701,"27,32,24","73,76,57","6,7,2","50,46,37",0.00013143313957887,0.131
70,"RI","Solyc06g066470.4","-",39363392,39363701,"9,34,20","61,68,41","5,1,4","50,34,27",0.000762896199753122,0.124
120,"RI","Solyc06g066470.4","-",39362032,39362498,"1,10,4","89,140,98","18,11,15","77,50,60",1.5717344843293e-06,-0.103
105,"RI","Solyc06g069090.3","-",40515360,40515832,"67,71,71","0,0,0","19,34,33","0,5,13",3.24326061196421e-06,0.223
120,"RI","Solyc06g069090.3","-",40515360,40515832,"23,44,31","0,0,0","26,25,29","12,2,9",8.34470877472839e-08,0.334
60,"RI","Solyc06g073590.3","+",43062872,43063332,"167,190,229","176,204,213","132,122,140","227,261,283",3.41541400711183e-06,0.137
80,"RI","Solyc06g073590.3","+",43062872,43063332,"185,182,188","178,205,181","137,82,110","303,225,272",9.49656395186434e-11,0.177
105,"RI","Solyc06g073590.3","+",43062872,43063332,"206,155,224","215,198,258","147,62,127","239,293,225",0.000660512414698673,0.132
120,"RI","Solyc06g073590.3","+",43062872,43063332,"139,201,143","206,275,267","91,58,73","247,277,236",2.34805120454669e-08,0.13
80,"RI","Solyc06g074630.4","-",43833686,43834090,"4,9,6","1,0,0","3,8,2","7,0,2",0.00246347103361277,0.381
90,"RI","Solyc06g074630.4","-",43833686,43834090,"16,5,11","1,0,0","8,8,12","13,1,3",0.000181177907913602,0.383
105,"RI","Solyc06g074630.4","-",43833686,43834090,"7,21,7","0,0,0","6,9,3","8,3,4",4.24071774818229e-09,0.6
120,"RI","Solyc06g074630.4","-",43833686,43834090,"12,7,5","0,0,0","4,4,3","3,8,2",3.35229174904387e-10,0.639
5,"RI","Solyc06g074670.4","-",43874036,43874315,"160,164,260","854,730,883","38,26,13","804,748,861",0,0.111
10,"RI","Solyc06g074670.4","-",43873777,43874132,"577,492,466","900,995,930","74,82,62","537,588,516",0,0.164
15,"RI","Solyc06g074670.4","-",43873781,43874132,"538,802,602","1281,1517,1109","92,73,80","690,636,719",0,0.154
90,"RI","Solyc06g074670.4","-",43873781,43874132,"39,223,51","467,925,509","266,202,250","555,634,717",5.65310072657531e-14,-0.103
105,"RI","Solyc06g074670.4","-",43873777,43874132,"34,25,38","624,638,536","260,270,293","495,451,620",0,-0.199
105,"RI","Solyc06g074670.4","-",43874444,43874734,"4,7,0","408,464,375","96,96,56","458,350,497",0,-0.11
120,"RI","Solyc06g074670.4","-",43874036,43874315,"9,173,22","567,1041,475","261,305,308","865,610,695",0,-0.165
120,"RI","Solyc06g074670.4","-",43873781,43874132,"25,407,33","477,871,422","353,276,359","643,524,605",2.26627231600791e-11,-0.145
120,"RI","Solyc06g074670.4","-",43874444,43874734,"2,61,0","311,798,292","113,86,99","562,397,438",0,-0.108
20,"RI","Solyc06g083530.3","+",46499424,46499683,"14,11,24","0,0,0","14,11,17","0,6,4",0.00036468848547751,0.279
50,"RI","Solyc06g083530.3","+",46499424,46499683,"20,13,12","21,21,13","6,3,3","31,35,28",7.07462756871089e-06,0.236
90,"RI","Solyc06g083530.3","+",46499424,46499683,"16,16,13","22,18,20","3,5,12","19,29,54",0.000468326099237997,0.193
20,"RI","Solyc07g008240.3","-",2942258,2942684,"95,59,78","83,73,143","129,212,78","474,584,358",1.17535998646066e-06,0.184
40,"RI","Solyc07g008240.3","-",2942262,2942684,"68,107,79","103,152,166","129,97,126","502,564,521",2.2298704549453e-11,0.152
50,"RI","Solyc07g008240.3","-",2942257,2942684,"46,70,97","72,108,70","76,120,95","412,480,409",2.63632623316059e-08,0.221
60,"RI","Solyc07g008240.3","-",2942257,2942684,"81,86,79","104,132,120","78,102,89","330,517,515",0,0.188
105,"RI","Solyc07g008240.3","-",2942257,2942684,"93,198,296","130,216,374","85,84,96","292,315,399",0,0.19
105,"RI","Solyc07g008240.3","-",2941275,2941662,"46,54,91","1,0,0","23,26,33","4,7,0",0.000184113744399519,0.189
20,"RI","Solyc07g021700.3","+",21384803,21385113,"11,17,17","3,1,0","8,12,9","7,14,5",0.000481706691787619,0.459
80,"RI","Solyc07g021700.3","+",21384803,21385113,"11,22,28","96,73,114","49,42,52","108,77,74",4.20005187164135e-05,-0.124
90,"RI","Solyc07g021700.3","+",21384803,21385107,"15,19,15","102,60,106","49,22,35","65,50,83",5.57706474995587e-05,-0.122
120,"RI","Solyc07g021700.3","+",21384803,21385113,"16,24,9","66,97,70","61,29,45","103,74,56",6.55509286335663e-05,-0.136
25,"RI","Solyc07g022900.4","+",23427033,23427392,"12,19,16","21,30,23","5,3,4","19,37,25",0.000598168371697349,0.164
80,"RI","Solyc07g022900.4","+",23426677,23427138,"61,70,83","0,0,2","67,26,49","1,8,7",0.000193342539178367,0.195
90,"RI","Solyc07g022900.4","+",23427033,23427392,"21,13,25","26,33,24","4,5,4","32,22,22",0.000626629387013827,0.184
90,"RI","Solyc07g022900.4","+",23426677,23426967,"58,36,68","260,202,217","12,11,25","282,305,364",0,0.104
105,"RI","Solyc07g022900.4","+",23426677,23427138,"64,68,58","1,2,0","50,53,62","6,8,6",9.463284689759e-05,0.167
120,"RI","Solyc07g022900.4","+",23426677,23427138,"81,71,58","0,4,0","62,32,24","6,3,9",0.00032459464098816,0.216
80,"RI","Solyc07g032230.3","-",36169210,36169614,"5,5,12","176,147,213","56,24,40","131,135,154",0,-0.112
90,"RI","Solyc07g032230.3","-",36169210,36169666,"7,39,5","149,252,137","51,39,99","144,135,225",1.59261492882645e-12,-0.122
105,"RI","Solyc07g032230.3","-",36168887,36169312,"5,2,6","187,252,149","62,119,95","172,173,177",0,-0.229
105,"RI","Solyc07g032230.3","-",36169210,36169593,"12,14,22","154,231,186","69,74,50","139,174,152",0,-0.139
120,"RI","Solyc07g032230.3","-",36169235,36169650,"12,32,7","201,253,105","54,42,71","173,144,123",9.58442439022259e-12,-0.129
30,"RI","Solyc07g032740.4","-",40905109,40905351,"2,1,1","3,2,2","40,22,36","2,2,1",0.000105899901856274,-0.66
60,"RI","Solyc07g032740.4","-",40905109,40905351,"9,1,4","1,0,0","19,24,21","0,9,6",0.00728008418817385,0.178
105,"RI","Solyc07g032740.4","-",40907905,40908188,"34,141,80","0,16,9","115,150,84","1,2,0",1.12573939006821e-05,-0.109
120,"RI","Solyc07g032740.4","-",40907905,40908188,"37,40,38","9,1,4","156,73,100","0,0,5",0.00141310992575723,-0.153
120,"RI","Solyc07g032740.4","-",40906010,40906450,"26,34,24","0,0,1","86,60,83","9,5,3",0.00178194953921152,0.102
70,"RI","Solyc07g039510.4","-",47414229,47414562,"8,15,6","0,0,0","3,7,2","6,3,11",3.68696009123688e-10,0.725
80,"RI","Solyc07g039510.4","-",47414229,47414562,"22,19,27","2,1,0","6,5,6","8,7,8",3.48799056304418e-10,0.647
90,"RI","Solyc07g039510.4","-",47414229,47414562,"16,6,24","0,1,0","3,11,4","2,0,14",0.000854436064084075,0.398
105,"RI","Solyc07g039510.4","-",47414229,47414562,"10,26,17","0,0,4","5,4,7","4,6,9",1.14846286974514e-05,0.588
120,"RI","Solyc07g039510.4","-",47414229,47414562,"17,13,15","0,0,0","1,0,5","6,16,8",0,0.895
40,"RI","Solyc07g044830.3","+",57761091,57761445,"1,8,2","0,1,0","5,1,3","2,2,3",0.0006298962807636,0.57
60,"RI","Solyc07g044830.3","+",57761091,57761445,"7,5,6","0,0,1","3,3,5","4,1,5",6.15389525597181e-05,0.515
105,"RI","Solyc07g044830.3","+",57759404,57759660,"9,12,4","0,0,1","10,8,9","4,5,1",0.000651116624194548,0.283
25,"RI","Solyc07g062080.4","+",64755968,64756288,"30,39,39","52,41,45","13,2,4","33,36,28",0.000138534921485216,0.223
90,"RI","Solyc07g062080.4","+",64756126,64756535,"3,5,4","190,221,198","54,47,48","163,165,221",0,-0.135
105,"RI","Solyc07g062080.4","+",64756126,64756535,"0,5,7","213,269,221","59,36,78","151,144,148",0,-0.182
105,"RI","Solyc07g066660.4","+",67874242,67874591,"14,10,12","17,21,27","1,7,1","17,33,42",9.45809162358048e-05,0.214
120,"RI","Solyc07g066660.4","+",67874242,67874591,"7,18,15","11,36,25","0,0,3","16,28,40",2.983823699079e-09,0.259
120,"RI","Solyc07g066660.4","+",67874242,67874455,"5,13,10","13,23,22","2,0,5","19,29,27",0.000645602587982246,0.16
60,"RI","Solyc08g006487.1","+",1101600,1102087,"58,59,45","155,120,101","23,28,26","148,251,136",3.30414057917065e-08,0.123
80,"RI","Solyc08g006487.1","+",1101645,1102087,"28,67,49","98,95,97","34,8,13","170,122,144",2.38834448252256e-08,0.16
90,"RI","Solyc08g006487.1","+",1101600,1102087,"60,23,52","84,107,91","11,8,10","142,159,194",5.65310072657531e-14,0.188
105,"RI","Solyc08g006487.1","+",1101600,1102087,"84,52,54","124,142,111","15,53,21","159,241,160",2.06046892679228e-09,0.15
60,"RI","Solyc08g062560.4","-",49496916,49497386,"48,47,28","27,21,27","23,13,27","37,56,54",5.58259806534669e-05,0.266
90,"RI","Solyc08g062560.4","-",49496916,49497386,"33,42,54","41,29,24","17,19,16","57,59,60",2.12366331261542e-06,0.283
105,"RI","Solyc08g062560.4","-",49496916,49497386,"33,43,59","25,39,32","5,17,9","51,60,54",3.65601269067288e-14,0.328
120,"RI","Solyc08g062560.4","-",49496916,49497386,"24,39,23","32,45,34","18,2,9","33,59,31",0.000670810676657772,0.157
105,"RI","Solyc08g068590.4","-",55821887,55822371,"0,1,2","37,30,17","25,20,13","13,14,25",7.67644729144905e-12,-0.347
105,"RI","Solyc08g068590.4","-",55825886,55826112,"0,3,3","21,26,18","19,19,10","26,41,37",0.00046551284658222,-0.185
120,"RI","Solyc08g068590.4","-",55825886,55826112,"0,3,2","20,21,17","23,27,16","19,20,18",9.16467644509146e-10,-0.383
120,"RI","Solyc08g068590.4","-",55821887,55822371,"4,4,3","26,20,15","16,38,20","27,17,16",3.44024331643539e-05,-0.296
120,"RI","Solyc08g068590.4","-",55825998,55826407,"0,0,0","23,25,20","18,7,11","46,38,22",1.03644008946575e-07,-0.149
60,"RI","Solyc08g075520.4","-",57788017,57788430,"127,139,175","241,277,285","24,67,100","173,246,260",2.11161905732778e-05,0.1
70,"RI","Solyc08g075520.4","-",57788017,57788426,"187,164,142","247,359,290","43,34,50","211,173,195",1.96331667455475e-08,0.121
90,"RI","Solyc08g076410.4","+",58538513,58538912,"0,2,0","12,9,12","9,7,4","15,13,18",0.000657054368932668,-0.148
105,"RI","Solyc08g076410.4","+",58538997,58539434,"0,4,0","9,2,2","11,19,12","2,4,3",0.000239025612593244,-0.535
105,"RI","Solyc08g076410.4","+",58538513,58538912,"0,1,0","18,4,10","11,7,10","26,24,17",5.04169740216314e-05,-0.139
120,"RI","Solyc08g076410.4","+",58538513,58538912,"2,0,0","11,19,8","20,23,23","20,13,9",1.09925033769161e-10,-0.427
105,"RI","Solyc08g079530.3","-",61147551,61147795,"23,10,17","5,5,3","12,29,25","0,1,0",4.57148890672659e-05,-0.272
120,"RI","Solyc08g079530.3","-",61147878,61148182,"9,7,8","127,131,78","67,22,42","119,93,85",2.46075582935658e-12,-0.138
25,"RI","Solyc08g082880.4","+",63692095,63692425,"45,80,53","0,3,0","41,60,44","1,16,4",0.000779781000884852,0.135
60,"RI","Solyc08g082880.4","+",63692095,63692425,"40,62,49","0,6,0","40,51,70","21,9,18",2.14435859101115e-05,0.277
80,"RI","Solyc08g082880.4","+",63692095,63692425,"33,46,46","0,4,3","53,40,57","14,7,17",0.000944427804539117,0.207
90,"RI","Solyc08g082880.4","+",63692095,63692425,"43,51,59","7,0,0","58,21,47","12,8,14",0.000233476510889866,0.247
120,"RI","Solyc08g082880.4","+",63691774,63692243,"35,52,16","71,117,85","23,15,10","168,121,143",1.08911981275925e-06,0.103
105,"RI","Solyc08g083040.4","-",63773818,63774234,"1,1,2","3,1,3","10,4,7","0,1,0",1.51184726485622e-06,-0.647
105,"RI","Solyc08g083040.4","-",63774319,63774680,"1,2,2","9,3,12","10,10,5","3,8,0",0.000861139111846917,-0.553
120,"RI","Solyc08g083040.4","-",63774068,63774405,"5,9,4","10,22,14","10,15,9","0,7,0",3.17257884698403e-05,-0.674
50,"RI","Solyc08g083260.3","-",63917397,63917873,"31,28,16","40,38,29","13,15,12","45,79,40",0.000982429872049793,0.14
70,"RI","Solyc08g083260.3","-",63917397,63917873,"24,40,24","34,99,42","3,8,3","26,39,45",4.57364678002733e-05,0.157
80,"RI","Solyc08g083260.3","-",63917397,63917873,"22,43,38","40,70,39","12,9,10","55,41,37",0.000413551464560736,0.154
90,"RI","Solyc08g083260.3","-",63917397,63917873,"25,12,46","39,34,47","2,1,7","39,55,72",1.82312498431108e-11,0.214
105,"RI","Solyc08g083260.3","-",63917397,63917809,"34,26,30","36,50,40","3,5,5","48,52,60",3.05685672851881e-12,0.228
120,"RI","Solyc08g083260.3","-",63917397,63917873,"8,27,10","45,47,21","1,5,1","47,38,58",4.78342015658005e-07,0.138
90,"RI","Solyc09g010460.3","+",3858946,3859428,"17,16,20","11,17,19","5,9,2","39,22,16",2.64120725320421e-05,0.273
105,"RI","Solyc09g010460.3","+",3858946,3859428,"20,18,11","22,20,8","7,3,4","20,28,35",9.22803257071948e-06,0.262
60,"RI","Solyc09g011160.4","+",4545964,4546333,"77,97,136","182,188,227","52,55,52","40,61,46",0.000246446338827148,-0.152
80,"RI","Solyc09g011160.4","+",4545797,4546046,"62,100,108","129,177,213","42,25,32","36,23,21",0.000355256282248528,-0.194
80,"RI","Solyc09g011160.4","+",4548910,4549377,"8,9,26","227,252,304","18,12,14","57,59,69",1.12593825469795e-06,-0.102
105,"RI","Solyc09g011160.4","+",4545964,4546333,"37,91,56","132,204,196","66,62,73","46,45,54",0,-0.266
105,"RI","Solyc09g011160.4","+",4545797,4546046,"43,73,89","130,183,175","24,37,43","35,31,35",0.000592386106885253,-0.183
120,"RI","Solyc09g011160.4","+",4545964,4546333,"49,88,56","114,201,156","42,41,63","37,46,48",5.70872063278322e-07,-0.186
120,"RI","Solyc09g011160.4","+",4546209,4546675,"0,0,0","185,222,183","21,7,19","49,72,63",0,-0.134
120,"RI","Solyc09g011160.4","+",4548910,4549377,"7,13,18","187,249,219","29,4,16","58,56,76",3.40587107502753e-05,-0.1
60,"RI","Solyc09g065540.3","+",59763986,59764289,"159,161,71","255,207,185","34,126,43","192,329,221",6.34230758845077e-05,0.137
70,"RI","Solyc09g065540.3","+",59763986,59764289,"70,119,74","108,254,164","48,26,60","185,163,175",0.000266189531869974,0.112
90,"RI","Solyc09g065540.3","+",59763986,59764289,"127,95,107","240,217,167","59,58,53","196,194,269",1.15222595680949e-05,0.111
5,"RI","Solyc09g065660.4","+",59977091,59977272,"145,272,243","72,125,122","130,138,119","25,32,12",8.08878091503326e-06,-0.223
20,"RI","Solyc09g065660.4","+",59977253,59977539,"197,177,162","69,61,62","217,278,108","40,48,26",0.00249067116794024,-0.126
25,"RI","Solyc09g065660.4","+",59977091,59977272,"109,179,189","137,91,97","99,201,149","30,32,48",0.00311189734067674,-0.233
25,"RI","Solyc09g065660.4","+",59977091,59977272,"114,180,189","122,131,104","99,201,149","43,62,50",0.00129522415979565,-0.183
40,"RI","Solyc09g065660.4","+",59977095,59977539,"40,105,122","54,56,49","169,135,158","40,27,28",0.0018954774839879,-0.267
40,"RI","Solyc09g065660.4","+",59977091,59977272,"53,72,95","38,88,76","142,132,162","48,42,44",6.69824225037291e-07,-0.256
40,"RI","Solyc09g065660.4","+",59977091,59977272,"53,73,95","51,67,62","142,134,164","62,44,52",0.000113052223481741,-0.207
40,"RI","Solyc09g065660.4","+",59977095,59977539,"31,79,94","4,17,17","138,104,123","0,2,1",1.13075739248227e-11,-0.2
60,"RI","Solyc09g065660.4","+",59977253,59977539,"71,62,252","16,2,12","100,214,164","2,6,0",0.00168870001938846,-0.111
70,"RI","Solyc09g065660.4","+",59977253,59977539,"89,112,137","66,106,68","210,89,81","51,26,28",0.00010339101882947,-0.212
70,"RI","Solyc09g065660.4","+",59977091,59977272,"83,81,114","79,102,84","164,70,70","60,32,37",0.00045030361461883,-0.188
80,"RI","Solyc09g065660.4","+",59977091,59977272,"69,92,93","67,60,93","179,96,85","42,22,29",1.64237021325289e-08,-0.28
80,"RI","Solyc09g065660.4","+",59977103,59977539,"64,76,125","50,62,68","146,97,90","21,31,40",0.00561289737871026,-0.217
80,"RI","Solyc09g065660.4","+",59977103,59977539,"68,83,136","15,9,17","154,103,95","1,6,2",1.63231286242221e-05,-0.16
90,"RI","Solyc09g065660.4","+",59977091,59977272,"71,59,95","59,36,67","112,82,89","37,22,32",0.00022118033611976,-0.195
90,"RI","Solyc09g065660.4","+",59977253,59977539,"81,101,110","66,40,61","120,64,109","31,18,30",0.00943478767539337,-0.173
120,"RI","Solyc09g065660.4","+",59977253,59977539,"46,95,48","8,0,7","78,145,116","2,1,2",0.0051877773150924,-0.118
10,"RI","Solyc09g065950.3","-",60327027,60327403,"3,3,1","0,0,0","2,0,3","1,2,3",6.32210522469006e-05,0.686
50,"RI","Solyc09g065950.3","-",60326570,60326948,"11,4,1","0,0,0","3,1,3","2,0,7",0.000433518122541867,0.427
60,"RI","Solyc09g065950.3","-",60330212,60330559,"9,4,5","7,4,11","0,0,0","15,11,18",1.25835467454954e-07,0.345
70,"RI","Solyc09g065950.3","-",60326547,60326755,"12,19,9","0,0,0","7,3,5","3,3,7",9.95945181511557e-09,0.563
30,"RI","Solyc09g066470.4","-",60990533,60990965,"61,67,70","0,0,1","51,58,90","6,2,9",0.000291093481765893,0.11
90,"RI","Solyc09g066470.4","-",60990533,60990965,"35,34,59","387,343,522","99,121,155","399,344,501",1.55159573133197e-13,-0.106
105,"RI","Solyc09g066470.4","-",60990533,60990965,"79,79,63","578,585,590","177,133,142","333,330,432",0,-0.142
120,"RI","Solyc09g066470.4","-",60990533,60990965,"65,77,46","424,581,355","208,154,149","492,340,322",0,-0.146
105,"RI","Solyc09g074400.3","-",62410101,62410438,"19,23,14","1,0,0","3,5,1","6,1,1",1.42163950334242e-05,0.553
120,"RI","Solyc09g074400.3","-",62414015,62414252,"2,4,3","0,0,1","5,3,2","3,8,10",2.85720318168387e-05,0.611
20,"RI","Solyc09g082770.3","+",64552854,64553206,"14,10,21","0,0,0","12,12,25","4,1,3",0.000754337551679323,0.246
60,"RI","Solyc09g091440.3","-",66823225,66823498,"6,13,4","4,8,6","4,2,3","20,21,15",0.000565090733448328,0.338
105,"RI","Solyc09g091440.3","-",66823225,66823498,"13,5,11","6,15,5","3,0,2","10,17,26",0.000135375781206833,0.377
120,"RI","Solyc09g091440.3","-",66823225,66823498,"9,16,7","7,9,8","6,1,3","23,7,26",4.43403184700037e-05,0.349
30,"RI","Solyc10g005640.4","+",403874,404142,"10,11,13","0,0,0","14,7,13","11,16,0",8.19724303346817e-05,0.451
40,"RI","Solyc10g005640.4","+",403874,404142,"17,10,13","0,0,0","8,9,6","8,11,0",3.25206564675481e-05,0.43
50,"RI","Solyc10g005640.4","+",403874,404142,"7,3,6","0,0,0","6,1,5","1,5,2",4.47430536383392e-05,0.501
80,"RI","Solyc10g006090.4","+",709174,709477,"13,17,18","0,3,0","8,1,3","14,1,4",1.44572165857416e-07,0.619
90,"RI","Solyc10g006090.4","+",709174,709477,"14,19,9","3,0,0","3,3,7","4,4,3",0.000435991995271836,0.52
10,"RI","Solyc10g007500.4","-",1714515,1714758,"37,18,23","6,3,0","24,27,16","1,0,0",0.0095582828323116,-0.129
30,"RI","Solyc10g007500.4","-",1715460,1715756,"90,97,95","63,49,45","41,75,76","69,83,73",0.00255029850845262,0.188
40,"RI","Solyc10g007500.4","-",1715460,1715756,"111,81,121","60,63,72","59,37,37","101,87,55",9.54096633510603e-08,0.237
50,"RI","Solyc10g007500.4","-",1715460,1715756,"87,118,100","50,55,49","70,70,43","62,72,81",0.00117458036179628,0.203
60,"RI","Solyc10g007500.4","-",1715460,1715756,"141,128,139","68,73,86","29,67,77","55,107,75",2.64958144838052e-05,0.221
60,"RI","Solyc10g007500.4","-",1714208,1714537,"30,34,41","0,10,1","36,34,44","0,0,0",0.00243396732005874,-0.137
60,"RI","Solyc10g007500.4","-",1714515,1714758,"36,35,18","0,8,1","17,40,43","0,0,0",0.00322713467174111,-0.127
70,"RI","Solyc10g007500.4","-",1715460,1715756,"124,205,133","53,107,66","42,41,43","58,57,56",6.42176325061212e-08,0.249
80,"RI","Solyc10g007500.4","-",1715460,1715756,"102,114,104","76,79,84","59,45,47","72,56,77",0.00459838144406118,0.137
105,"RI","Solyc10g007500.4","-",1715460,1715756,"160,125,91","112,89,87","56,74,49","58,110,89",0.00452747685354148,0.134
120,"RI","Solyc10g007500.4","-",1715460,1715756,"84,95,69","68,79,59","50,42,54","87,66,71",0.00330651323659245,0.137
30,"RI","Solyc10g012430.3","-",4893700,4894117,"6,19,7","0,9,1","3,2,2","5,5,12",0.000896397704447997,0.606
60,"RI","Solyc10g012430.3","-",4885998,4886449,"12,21,7","3,7,2","5,4,6","7,11,13",0.000217661503888026,0.433
70,"RI","Solyc10g012430.3","-",4885976,4886449,"21,20,9","2,8,8","4,2,0","15,3,11",0.000180717613483987,0.463
10,"RI","Solyc10g044740.2","+",26674983,26675366,"4,23,15","3,9,0","11,11,18","0,0,0",0.000487282550527363,-0.346
15,"RI","Solyc10g044740.2","+",26674983,26675366,"25,42,36","65,69,56","14,16,30","90,116,75",0.000943691411132809,0.111
25,"RI","Solyc10g044740.2","+",26674983,26675366,"11,6,12","0,0,0","9,13,22","6,4,0",0.000530724510094238,0.317
90,"RI","Solyc10g044740.2","+",26672923,26673337,"0,13,11","68,93,53","23,22,35","45,86,100",0.000209252730865852,-0.102
105,"RI","Solyc10g044740.2","+",26672923,26673337,"17,23,4","77,107,90","23,20,34","46,48,69",7.37046868013086e-05,-0.118
5,"RI","Solyc10g050060.2","-",46705898,46706380,"73,91,138","291,330,350","14,29,20","270,335,327",0,0.123
10,"RI","Solyc10g050060.2","-",46705898,46706380,"163,113,94","355,405,491","5,17,26","297,295,352",0,0.133
90,"RI","Solyc10g050060.2","-",46705898,46706380,"30,74,28","373,546,392","145,57,103","329,328,370",8.40365434536141e-10,-0.1
105,"RI","Solyc10g050060.2","-",46705898,46706380,"37,23,29","443,491,342","136,201,126","238,361,294",0,-0.206
120,"RI","Solyc10g050060.2","-",46705898,46706380,"14,119,13","256,510,264","146,153,151","300,289,315",0,-0.178
80,"RI","Solyc10g077110.1","+",59081613,59081948,"62,96,69","102,172,82","43,24,44","116,135,113",0.000359843603632178,0.124
90,"RI","Solyc10g077110.1","+",59081613,59081948,"73,70,62","119,98,86","36,50,65","170,116,171",0.000263733483647338,0.118
105,"RI","Solyc10g077110.1","+",59081613,59081948,"68,72,84","111,120,156","36,42,43","128,154,132",0.000306786453858687,0.105
120,"RI","Solyc10g077110.1","+",59081613,59081948,"53,73,55","61,111,86","34,39,35","137,106,100",5.73780586282747e-05,0.135
40,"RI","Solyc10g080130.3","+",60631608,60632065,"16,31,15","43,54,60","3,10,6","57,59,46",0.000844749254342046,0.109
105,"RI","Solyc10g080130.3","+",60631989,60632329,"124,66,101","18,18,20","20,16,24","16,19,11",0.000312535638681901,0.312
120,"RI","Solyc10g080130.3","+",60631989,60632329,"111,97,68","12,19,16","25,12,17","26,20,8",1.87204434184254e-05,0.383
80,"RI","Solyc10g080150.2","-",60639170,60639531,"0,0,0","36,37,38","2,5,13","32,27,17",1.33873067644809e-05,-0.136
80,"RI","Solyc10g080150.2","-",60639405,60639871,"0,0,1","23,36,44","3,9,7","29,26,19",2.42752728105035e-05,-0.114
90,"RI","Solyc10g080150.2","-",60640150,60640359,"0,0,1","1,2,0","7,6,4","0,0,1",0.000533092270621589,-0.577
90,"RI","Solyc10g080150.2","-",60639170,60639531,"0,1,0","33,30,27","5,7,13","27,32,39",5.85292047110593e-06,-0.109
90,"RI","Solyc10g080150.2","-",60640150,60640359,"0,0,1","35,39,28","13,8,6","46,51,48",1.47421520373878e-05,-0.1
105,"RI","Solyc10g080150.2","-",60639170,60639531,"2,0,0","35,51,41","21,7,10","11,30,48",6.40074925106326e-07,-0.227
105,"RI","Solyc10g080150.2","-",60639405,60639871,"3,3,0","42,41,37","13,9,17","25,24,33",8.90474471464716e-08,-0.167
105,"RI","Solyc10g080150.2","-",60639936,60640227,"0,2,2","29,44,26","11,18,16","38,50,39",6.93815213042474e-07,-0.154
105,"RI","Solyc10g080150.2","-",60639773,60640038,"0,6,2","51,46,45","11,13,14","42,31,36",7.80705396236827e-06,-0.152
105,"RI","Solyc10g080150.2","-",60640843,60641313,"0,0,0","38,55,13","21,4,2","27,33,46",1.23910857986965e-05,-0.135
105,"RI","Solyc10g080150.2","-",60640699,60641135,"2,0,0","34,52,13","14,4,9","27,36,34",6.77292915596667e-06,-0.118
120,"RI","Solyc10g080150.2","-",60639405,60639871,"0,8,0","24,31,41","28,22,15","20,28,22",1.84748486613379e-09,-0.278
120,"RI","Solyc10g080150.2","-",60639773,60640227,"0,1,0","27,34,31","8,26,16","24,26,33",2.61617043222868e-11,-0.265
120,"RI","Solyc10g080150.2","-",60639170,60639531,"0,6,0","24,26,29","25,23,16","29,27,24",3.62017693672342e-09,-0.258
120,"RI","Solyc10g080150.2","-",60640150,60640359,"0,3,0","46,32,37","16,25,8","49,18,35",9.54804114103273e-08,-0.241
120,"RI","Solyc10g080150.2","-",60639936,60640227,"1,3,0","39,31,35","22,18,13","39,21,34",4.51388068499831e-10,-0.24
120,"RI","Solyc10g080150.2","-",60640851,60641152,"0,3,0","25,25,30","15,10,11","32,26,26",3.36922264751952e-07,-0.159
120,"RI","Solyc10g080150.2","-",60640150,60640535,"0,0,0","27,30,30","10,13,5","38,22,34",2.41257975515939e-07,-0.149
105,"RI","Solyc10g080390.2","-",60772478,60772706,"23,10,5","227,190,167","51,49,66","181,205,189",4.3150570835699e-13,-0.11
120,"RI","Solyc10g080390.2","-",60771345,60771756,"53,13,28","262,183,214","93,80,90","211,176,187",1.03827097811e-12,-0.129
10,"RI","Solyc10g080460.2","-",60838676,60839013,"50,54,35","114,106,132","6,14,21","88,69,136",6.39838547221224e-05,0.124
120,"RI","Solyc10g080460.2","-",60838212,60838597,"66,170,55","118,203,155","19,25,23","74,98,97",0.000450484351816522,0.111
90,"RI","Solyc10g080720.2","-",61040115,61040441,"39,21,33","109,65,107","64,64,73","71,58,63",4.66172444641361e-09,-0.203
105,"RI","Solyc10g080720.2","-",61040115,61040441,"60,37,36","95,89,62","66,57,49","50,66,50",0.00501112894778256,-0.131
90,"RI","Solyc10g084370.3","-",63098035,63098457,"25,24,11","24,24,17","1,8,5","11,20,33",0.000442540666129179,0.213
105,"RI","Solyc10g084370.3","-",63098035,63098457,"45,26,20","38,23,38","0,3,7","18,25,18",4.12343029876663e-05,0.24
90,"RI","Solyc10g086190.3","+",64257928,64258270,"22,20,41","0,0,0","61,58,103","6,2,9",0.000344362027730688,0.126
105,"RI","Solyc10g086190.3","+",64257928,64258270,"23,32,30","0,0,0","55,66,100","9,5,5",0.000123365695165038,0.157
120,"RI","Solyc10g086190.3","+",64257879,64258270,"54,27,24","0,0,0","77,47,70","8,13,7",7.01582772621544e-07,0.232
5,"RI","Solyc10g086690.3","+",64608026,64608414,"8,7,11","18,28,11","0,0,0","32,23,23",1.67601716888235e-07,0.209
5,"RI","Solyc10g086690.3","+",64606603,64606911,"16,6,3","23,10,29","1,0,0","17,8,19",8.81383274655126e-05,0.204
10,"RI","Solyc10g086690.3","+",64608267,64608579,"25,51,41","19,44,34","2,5,3","16,10,27",1.1399098746817e-05,0.3
10,"RI","Solyc10g086690.3","+",64606603,64606911,"20,22,22","50,36,42","0,1,0","3,16,16",1.9641725128773e-06,0.233
15,"RI","Solyc10g086690.3","+",64609063,64609299,"99,103,69","55,91,61","1,0,3","24,12,26",0,0.415
15,"RI","Solyc10g086690.3","+",64606603,64606911,"68,48,53","40,91,70","1,0,0","20,19,14",8.0171879551522e-11,0.357
20,"RI","Solyc10g086690.3","+",64608267,64608579,"99,64,79","156,74,106","1,3,2","15,20,10",3.99002152407358e-05,0.23
20,"RI","Solyc10g086690.3","+",64606603,64606911,"105,61,64","113,108,105","3,1,1","12,22,8",7.36471770643039e-05,0.227
20,"RI","Solyc10g086690.3","+",64609063,64609299,"158,54,66","153,113,141","2,4,0","19,19,8",0.000429754991347542,0.219
25,"RI","Solyc10g086690.3","+",64606603,64606911,"54,64,102","129,187,179","0,0,0","16,17,8",5.10514999718884e-08,0.22
25,"RI","Solyc10g086690.3","+",64608671,64609159,"104,139,141","144,128,148","1,8,1","12,14,22",0.000401901838001072,0.219
25,"RI","Solyc10g086690.3","+",64609065,64609303,"84,86,90","190,175,216","2,4,1","8,36,17",0.000647563124644199,0.138
30,"RI","Solyc10g086690.3","+",64609063,64609299,"73,56,89","163,213,256","3,2,0","29,23,8",0.000834011511050746,0.138
105,"RI","Solyc10g086690.3","+",64606603,64606911,"14,13,3","277,205,152","10,10,8","7,14,13",6.07098986467445e-12,-0.331
105,"RI","Solyc10g086690.3","+",64608267,64608579,"14,10,2","240,234,80","14,3,13","8,18,16",5.54601738908486e-07,-0.283
105,"RI","Solyc10g086690.3","+",64608026,64608414,"7,22,4","278,331,80","12,11,7","14,16,16",3.85646304162362e-12,-0.222
120,"RI","Solyc10g086690.3","+",64606603,64606911,"2,68,0","34,217,29","14,40,17","13,17,10",1.15322399297473e-09,-0.443
120,"RI","Solyc10g086690.3","+",64609063,64609299,"3,93,6","16,183,52","18,17,20","18,14,8",0.000399719762401186,-0.334
50,"RI","Solyc11g005170.2","+",163871,164194,"41,40,42","0,0,0","14,41,24","0,5,6",0.000284105409640209,0.176
60,"RI","Solyc11g005170.2","+",164081,164453,"32,64,40","1,0,0","16,21,14","2,3,7",2.49217165823437e-05,0.245
70,"RI","Solyc11g005170.2","+",163871,164194,"42,66,37","15,60,19","22,4,6","28,31,45",1.84312766827526e-05,0.342
90,"RI","Solyc11g005170.2","+",163871,164194,"46,50,48","26,29,23","15,17,23","40,42,27",1.00032969575366e-05,0.273
105,"RI","Solyc11g005170.2","+",164081,164453,"52,54,39","49,37,40","6,21,16","22,48,37",0.000126817277776593,0.207
20,"RI","Solyc11g062070.3","-",46875741,46876104,"8,4,19","0,0,0","12,12,9","3,10,0",0.00028886233628301,0.307
80,"RI","Solyc11g062070.3","-",46875741,46876104,"15,19,34","1,0,0","15,8,17","5,1,4",0.000198631529643175,0.254
90,"RI","Solyc11g062070.3","-",46875649,46876104,"7,12,19","0,2,0","5,5,9","3,3,4",0.000362937556054595,0.428
120,"RI","Solyc11g062070.3","-",46875741,46876104,"6,15,10","0,0,0","8,3,2","5,5,2",3.49501768045565e-09,0.612
50,"RI","Solyc11g065030.3","+",48383964,48384438,"14,17,13","1,0,0","11,8,13","2,3,4",0.000651901768477372,0.317
60,"RI","Solyc11g065030.3","+",48383964,48384216,"26,13,13","0,0,0","8,20,15","2,7,0",0.000660191839404689,0.213
70,"RI","Solyc11g065030.3","+",48383964,48384438,"10,41,24","4,2,3","18,13,13","0,0,0",0.000833533406487522,-0.244
105,"RI","Solyc11g069840.3","+",52535838,52536293,"0,0,0","22,28,40","5,12,3","22,43,37",2.62897019904795e-05,-0.1
120,"RI","Solyc11g069840.3","+",52535838,52536293,"1,2,4","50,39,37","13,15,10","45,45,19",1.16688704232282e-05,-0.146
60,"RI","Solyc11g072340.2","+",53616480,53616929,"42,40,58","79,70,75","5,25,9","75,49,61",0.000264438588760005,0.136
70,"RI","Solyc11g072340.2","+",53616480,53616929,"39,76,44","48,95,65","7,5,5","33,51,36",4.49443381299722e-09,0.207
90,"RI","Solyc11g072340.2","+",53616480,53616929,"53,51,79","92,61,77","2,8,10","38,48,57",1.86461120617826e-10,0.225
105,"RI","Solyc11g072340.2","+",53616468,53616929,"43,35,72","67,69,73","4,11,9","38,43,36",2.76094557834278e-05,0.167
120,"RI","Solyc11g072340.2","+",53616480,53616929,"68,40,42","60,86,57","4,2,1","51,41,52",0,0.249
90,"RI","Solyc11g072590.3","+",53828777,53829148,"5,6,12","21,13,15","1,0,3","19,19,39",6.52355791903085e-05,0.188
105,"RI","Solyc11g072590.3","+",53828777,53829148,"16,24,5","24,42,22","4,3,0","40,22,25",3.82541187883483e-05,0.168
25,"RI","Solyc11g072600.3","-",53838996,53839473,"73,102,80","115,80,110","31,47,43","187,160,149",1.88138642442801e-08,0.189
30,"RI","Solyc11g072600.3","-",53838996,53839473,"70,84,74","106,127,140","54,40,39","154,142,144",0.000393412585276219,0.105
40,"RI","Solyc11g072600.3","-",53838787,53839041,"223,207,269","102,104,128","148,168,140","126,135,133",0.000268617827285738,0.147
40,"RI","Solyc11g072600.3","-",53838996,53839473,"84,81,105","141,127,176","42,47,38","152,159,153",1.3144708128878e-05,0.114
50,"RI","Solyc11g072600.3","-",53838996,53839473,"82,124,74","155,220,126","42,32,42","148,154,151",2.83716396212413e-05,0.105
50,"RI","Solyc11g073120.2","+",54278044,54278479,"193,166,167","99,63,62","79,99,92","100,127,89",1.5021962007634e-09,0.244
60,"RI","Solyc11g073120.2","+",54278044,54278479,"244,252,292","103,119,121","71,136,95","116,133,98",2.5739351241785e-09,0.235
70,"RI","Solyc11g073120.2","+",54278044,54278479,"165,281,212","89,108,71","50,79,93","96,73,89",4.06028818493121e-06,0.248
80,"RI","Solyc11g073120.2","+",54278044,54278479,"191,209,199","81,99,91","86,37,44","125,83,99",0,0.319
90,"RI","Solyc11g073120.2","+",54278044,54278479,"254,176,206","98,85,80","33,36,54","129,133,112",0,0.403
105,"RI","Solyc11g073120.2","+",54278044,54278479,"305,212,266","125,88,126","34,82,69","132,240,119",0,0.375
120,"RI","Solyc11g073120.2","+",54278044,54278479,"225,166,245","130,116,94","52,40,29","145,126,116",0,0.349
105,"RI","Solyc12g005290.2","-",190757,191157,"8,2,1","71,32,43","16,14,15","48,45,60",0.000348740367875705,-0.124
120,"RI","Solyc12g005290.2","-",190757,191157,"7,2,6","39,65,35","17,15,29","63,43,44",0.000422327756811993,-0.139
40,"RI","Solyc12g005650.2","-",359703,360117,"28,22,26","38,32,51","9,6,7","50,44,44",2.26235678523464e-05,0.176
50,"RI","Solyc12g005650.2","-",359703,360060,"21,17,22","43,23,36","7,15,9","49,45,43",0.00883176558873215,0.138
70,"RI","Solyc12g005650.2","-",359703,360060,"14,36,20","53,44,56","8,3,0","33,35,42",0.000266189531869974,0.143
90,"RI","Solyc12g005650.2","-",359703,360117,"44,40,26","34,21,61","5,2,5","52,53,54",2.87617444107306e-10,0.326
105,"RI","Solyc12g005650.2","-",359703,360060,"49,26,19","39,32,25","1,0,8","42,51,48",0,0.298
120,"RI","Solyc12g005650.2","-",359703,360060,"27,7,17","43,37,46","0,2,1","49,39,19",1.31657681004792e-08,0.151
60,"RI","Solyc12g006840.2","+",1260666,1261137,"0,2,0","5,19,16","12,16,14","9,11,24",7.03312523872448e-08,-0.382
70,"RI","Solyc12g006840.2","+",1260666,1261137,"0,0,0","14,14,19","16,11,12","24,17,11",5.10484606606555e-10,-0.332
80,"RI","Solyc12g006840.2","+",1260666,1261137,"1,3,2","33,11,4","12,23,12","11,8,25",0.00076311062300345,-0.294
70,"RI","Solyc12g007100.2","-",1544945,1545422,"0,0,0","3,2,8","5,7,2","4,2,6",8.12233256786683e-06,-0.447
80,"RI","Solyc12g007100.2","-",1544936,1545422,"0,0,0","2,5,9","9,5,6","2,10,8",4.34427945147444e-06,-0.447
90,"RI","Solyc12g007100.2","-",1544945,1545422,"0,0,0","6,12,5","5,7,10","5,16,14",2.543783765704e-06,-0.319
105,"RI","Solyc12g007210.2","-",1639760,1640056,"11,8,10","0,0,0","12,10,3","2,7,1",1.40681532453104e-05,0.337
120,"RI","Solyc12g007210.2","-",1639795,1640056,"17,17,10","0,0,0","15,21,16","4,6,1",7.51468696695325e-05,0.214
90,"RI","Solyc12g008450.2","-",1922320,1922732,"9,14,10","69,61,67","27,42,50","47,69,97",2.94255489442757e-06,-0.143
70,"RI","Solyc12g008750.3","+",2162347,2162777,"41,76,52","2,0,9","20,40,43","11,19,30",1.55637292576332e-07,0.416
80,"RI","Solyc12g008750.3","+",2162347,2162777,"83,60,51","4,5,4","39,44,57","8,9,31",0.000832187436205828,0.245
90,"RI","Solyc12g008750.3","+",2162347,2162777,"74,53,57","4,2,0","47,37,72","29,19,20",1.05158515076992e-10,0.416
90,"RI","Solyc12g008750.3","+",2162347,2162777,"74,55,57","1,0,0","46,37,68","6,5,5",2.0338400917692e-05,0.174
105,"RI","Solyc12g008750.3","+",2162347,2162777,"66,69,84","2,13,3","44,40,48","32,34,22",8.57542491240106e-09,0.434
105,"RI","Solyc12g008750.3","+",2162347,2162777,"65,68,84","2,0,0","35,41,48","13,0,3",0.000576805608348704,0.132
120,"RI","Solyc12g008750.3","+",2162347,2162777,"61,54,56","2,0,1","46,38,30","27,19,33",0,0.544
5,"RI","Solyc12g010870.3","+",3825824,3826126,"0,4,3","2,4,11","11,12,7","0,0,4",0.000550117471647276,-0.663
90,"RI","Solyc12g010870.3","+",3825824,3826126,"5,2,2","0,0,1","2,1,3","3,1,4",0.000177443924104283,0.513
105,"RI","Solyc12g010870.3","+",3825824,3826126,"3,12,4","0,0,1","2,5,6","0,4,6",0.00092756391970051,0.293
25,"RI","Solyc12g010930.2","+",3857538,3857849,"11,16,18","10,23,27","3,3,2","24,21,27",2.19460733067885e-05,0.234
70,"RI","Solyc12g010930.2","+",3857538,3857814,"17,31,6","37,47,30","3,2,2","30,22,26",0.000273280991069023,0.133
80,"RI","Solyc12g010930.2","+",3857538,3857849,"15,11,13","20,26,34","2,0,0","21,19,33",6.20674481032936e-08,0.188
105,"RI","Solyc12g010930.2","+",3857538,3857849,"5,15,8","31,45,41","0,0,0","25,32,33",1.41886663997186e-06,0.102
105,"RI","Solyc12g019740.2","+",11376815,11377211,"5,14,1","0,4,0","0,0,3","1,1,10",3.40437760770676e-05,0.835
120,"RI","Solyc12g019740.2","+",11376815,11377211,"4,14,13","0,0,3","1,2,0","8,2,4",4.43962764958934e-08,0.764
20,"RI","Solyc12g036470.2","+",45496239,45496455,"0,0,2","27,6,22","4,4,4","5,13,5",0.000320864592916408,-0.261
60,"RI","Solyc12g036470.2","+",45496239,45496455,"8,4,6","11,11,13","2,0,0","5,20,9",0.000615937083256183,0.176
70,"RI","Solyc12g036470.2","+",45496239,45496724,"0,10,4","16,25,8","0,0,0","10,8,15",0.000995980550257694,0.133
50,"RI","Solyc12g044220.3","-",58745155,58745636,"2,6,3","0,0,2","1,2,2","1,11,8",0.000313899456695772,0.634
90,"RI","Solyc12g044220.3","-",58744975,58745217,"9,4,9","0,3,1","1,1,0","6,4,3",2.51055664563374e-06,0.686
90,"RI","Solyc12g044220.3","-",58743624,58744035,"2,1,5","2,0,2","0,0,0","5,1,3",0.000747544176420008,0.63
105,"RI","Solyc12g044220.3","-",58744975,58745223,"14,4,13","0,6,7","0,0,1","2,3,2",7.8236286943415e-05,0.523
80,"RI","Solyc12g044920.3","+",59926704,59927147,"0,2,0","33,30,22","9,14,4","40,31,31",4.05061758906809e-05,-0.105
90,"RI","Solyc12g044920.3","+",59927006,59927472,"1,0,0","37,22,23","13,4,7","31,27,24",5.78156600320792e-06,-0.119
25,"RI","Solyc12g062870.2","+",35104346,35104652,"0,0,0","5,1,3","4,7,2","0,0,0",6.50368647825325e-13,-1
80,"RI","Solyc12g062870.2","+",35104244,35104652,"11,4,1","0,0,1","1,0,0","2,2,4",1.23178306823829e-08,0.716
10,"RI","Solyc12g088940.3","-",63691400,63691726,"16,9,14","31,28,57","1,1,4","31,34,42",9.6216519246187e-05,0.126
25,"RI","Solyc12g088940.3","-",63691618,63691961,"47,27,20","9,0,9","15,10,25","0,0,0",0.000213351017503425,-0.244
60,"RI","Solyc12g088940.3","-",63691200,63691476,"10,16,4","3,5,0","1,2,15","0,0,0",0.000536743233511246,-0.224
70,"RI","Solyc12g088940.3","-",63691200,63691476,"14,26,6","8,13,1","2,3,1","0,0,0",3.75719882773247e-05,-0.385
90,"RI","Solyc12g088940.3","-",63691200,63691476,"2,12,1","1,2,4","6,3,6","0,0,0",0.000144333326745961,-0.513
30,"RI","Solyc12g099970.2","+",66438176,66438571,"22,30,17","10,11,41","7,5,1","44,39,58",9.56042535776923e-07,0.377
40,"RI","Solyc12g099970.2","+",66438176,66438571,"34,11,24","22,14,54","8,7,3","42,26,37",0.000444945557099341,0.218
50,"RI","Solyc12g099970.2","+",66438176,66438571,"24,24,15","24,29,14","13,6,6","41,42,30",2.96734360462167e-05,0.227
60,"RI","Solyc12g099970.2","+",66438176,66438571,"38,58,12","25,25,19","4,17,11","42,71,43",8.23390217550946e-07,0.315
70,"RI","Solyc12g099970.2","+",66438176,66438571,"17,25,24","18,20,29","3,8,5","17,37,28",8.67001956843511e-06,0.246
80,"RI","Solyc12g099970.2","+",66438176,66438571,"19,22,27","33,28,9","6,1,4","36,22,30",4.05061758906809e-05,0.315
90,"RI","Solyc12g099970.2","+",66438392,66438826,"2,2,4","4,0,3","2,3,2","0,0,0",0.000299666441555839,-0.444
90,"RI","Solyc12g099970.2","+",66438176,66438571,"16,30,26","23,25,13","5,9,3","28,37,42",2.81065147903393e-07,0.303
105,"RI","Solyc12g099970.2","+",66438176,66438571,"30,23,28","28,19,33","1,20,4","44,152,57",0,0.306
40,"RI","lnc_RNA:Solyc06r029790.1","-",22541561,22541931,"161,234,211","112,118,161","191,120,130","243,170,140",0.000115454826257531,0.151
105,"RI","lnc_RNA:Solyc06r029790.1","-",22541561,22541931,"131,165,308","94,132,224","61,54,60","103,101,143",2.21144958666899e-10,0.197
120,"RI","lnc_RNA:Solyc06r029790.1","-",22541561,22541931,"199,271,180","53,200,142","70,57,72","180,100,111",2.85347887934363e-05,0.271
