"time","event","gene_id","strand","ES","EE","I_S1","S_S1","I_S2","S_S2","FDR","dPSI"
70,"SE","Solyc01g005090.3","-",101211,101320,"156,244,202","37,33,37","149,114,92","55,54,33",0.000562141254552872,0.167
70,"SE","Solyc01g005090.3","-",101211,101322,"324,512,393","37,33,37","297,191,162","55,54,33",7.504549425571e-06,0.143
90,"SE","Solyc01g005090.3","-",101211,101320,"164,159,141","19,30,35","138,130,151","62,58,56",0.000524517935840777,0.184
90,"SE","Solyc01g005090.3","-",101211,101322,"323,310,312","19,30,35","236,230,249","62,58,56",7.67797000529942e-08,0.167
105,"SE","Solyc01g005090.3","-",101211,101320,"152,130,224","16,7,34","212,218,131","85,70,73",1.52133745920205e-08,0.27
105,"SE","Solyc01g005090.3","-",101211,101444,"161,142,236","16,7,34","244,232,145","85,70,73",5.53397018826377e-08,0.27
105,"SE","Solyc01g005090.3","-",101211,101322,"317,287,442","16,7,34","350,394,277","85,70,73",0,0.203
120,"SE","Solyc01g005090.3","-",101211,101263,"43,69,45","14,36,18","59,57,54","95,79,74",1.34492717396215e-07,0.306
120,"SE","Solyc01g005090.3","-",101211,101293,"86,101,82","14,36,18","101,91,95","95,79,74",1.30408911240096e-07,0.301
120,"SE","Solyc01g005090.3","-",101211,101320,"132,167,126","14,36,18","149,136,132","95,79,74",6.88684022090304e-11,0.298
120,"SE","Solyc01g005090.3","-",101211,101322,"264,363,265","14,36,18","304,217,238","95,79,74",0,0.251
105,"SE","Solyc01g020240.4","+",27998075,27998299,"2,2,1","0,0,0","0,0,2","1,1,2",2.79940444116211e-05,0.889
120,"SE","Solyc01g020240.4","+",27998075,27998259,"69,109,71","0,0,0","93,87,49","5,3,9",3.5892785404241e-05,0.144
10,"SE","Solyc01g068270.3","+",70200843,70200846,"3,8,2","0,0,0","6,7,5","9,0,5",0.000654264857626347,0.37
60,"SE","Solyc01g068270.3","+",70200775,70200846,"91,132,89","0,0,0","110,107,143","12,12,11",8.35280925043598e-08,0.128
60,"SE","Solyc01g068270.3","+",70200766,70201216,"106,164,127","0,0,0","197,178,201","12,12,11",9.56634281685905e-07,0.109
90,"SE","Solyc01g068270.3","+",70200775,70200846,"84,77,110","3,0,0","77,72,166","20,13,17",5.31225478659518e-09,0.189
105,"SE","Solyc01g068270.3","+",70200775,70200846,"80,109,76","1,0,4","92,104,80","6,26,19",3.46237215470755e-07,0.176
105,"SE","Solyc01g068270.3","+",70200766,70201216,"118,125,129","1,0,4","147,153,175","6,26,19",1.94279784368402e-06,0.144
120,"SE","Solyc01g068270.3","+",70200775,70200846,"77,127,75","0,0,5","124,83,87","13,6,12",0.000166834427322186,0.103
15,"SE","Solyc01g095460.3","+",78968727,78969171,"0,2,3","2,9,0","5,3,2","0,0,0",0.000238752724557383,-0.633
70,"SE","Solyc01g095460.3","+",78968613,78968794,"130,213,96","0,1,0","103,99,127","8,3,10",1.12859044983541e-05,0.106
80,"SE","Solyc01g095460.3","+",78968727,78969171,"3,2,2","0,0,0","4,5,0","0,10,10",2.04927011134303e-05,0.6
80,"SE","Solyc01g095460.3","+",78968745,78969171,"62,65,88","0,0,0","81,71,66","0,10,10",3.84197891851724e-05,0.151
80,"SE","Solyc01g095460.3","+",78968727,78968945,"92,123,145","0,0,0","102,105,111","0,10,10",3.66655591480563e-05,0.104
105,"SE","Solyc01g095460.3","+",78968613,78968794,"109,116,134","2,0,0","100,81,115","8,7,3",0.000168052274112576,0.1
120,"SE","Solyc01g095460.3","+",78968613,78968794,"93,127,67","0,0,0","110,82,104","11,0,9",2.52154183099447e-05,0.105
70,"SE","Solyc01g098500.3","+",81269407,81269479,"2,6,5","0,0,0","4,2,1","1,5,3",1.73411950365309e-06,0.625
120,"SE","Solyc01g098500.3","+",81269084,81269105,"30,38,47","0,8,2","51,35,32","23,13,16",0.000146086762647131,0.254
120,"SE","Solyc01g098500.3","+",81269067,81269150,"107,145,105","0,8,2","151,100,116","23,13,16",7.50877721749126e-06,0.143
105,"SE","Solyc01g103660.4","+",84504419,84504512,"95,95,62","0,2,0","67,49,57","9,5,9",5.67718240331287e-07,0.164
105,"SE","Solyc01g103660.4","+",84504401,84504512,"119,111,80","0,2,0","86,62,88","9,5,9",1.9562593552668e-06,0.133
120,"SE","Solyc01g103660.4","+",84504416,84504512,"73,78,70","0,0,0","57,54,54","15,14,11",1.525057857783e-13,0.284
120,"SE","Solyc01g103660.4","+",84504401,84504512,"109,95,84","0,0,0","69,67,60","15,14,11",0,0.261
120,"SE","Solyc01g103660.4","+",84504381,84504512,"185,194,160","0,0,0","155,154,124","15,14,11",5.30946069003796e-12,0.148
15,"SE","Solyc01g112140.4","-",90578567,90578762,"141,224,210","76,84,92","225,162,182","36,40,33",7.74070185184261e-05,-0.192
15,"SE","Solyc01g112140.4","-",90578627,90578743,"200,187,270","76,84,92","210,158,223","36,40,33",0.000935251687195207,-0.157
15,"SE","Solyc01g112140.4","-",90578614,90578743,"229,210,310","76,84,92","228,188,256","36,40,33",0.000481086680694705,-0.153
15,"SE","Solyc01g112140.4","-",90578567,90578743,"385,466,526","76,84,92","484,372,445","36,40,33",2.92419997243349e-05,-0.124
20,"SE","Solyc01g112140.4","-",90578567,90578743,"475,388,412","79,73,68","449,465,411","52,30,23",9.93856451973993e-05,-0.123
30,"SE","Solyc01g112140.4","-",90578596,90578743,"219,235,231","75,72,61","199,236,205","33,21,28",9.92251527711792e-05,-0.172
30,"SE","Solyc01g112140.4","-",90578627,90578743,"194,187,187","75,72,61","160,188,157","33,21,28",0.000567253368048344,-0.168
30,"SE","Solyc01g112140.4","-",90578614,90578743,"211,224,218","75,72,61","190,215,171","33,21,28",0.000439832859649292,-0.161
30,"SE","Solyc01g112140.4","-",90578567,90578743,"359,383,391","75,72,61","353,415,336","33,21,28",5.23999694259036e-06,-0.138
60,"SE","Solyc01g112140.4","-",90578567,90578762,"186,192,187","85,80,66","207,231,227","34,31,33",8.32528275946564e-08,-0.221
60,"SE","Solyc01g112140.4","-",90578614,90578743,"224,263,228","85,80,66","231,265,267","34,31,33",1.16666979349525e-06,-0.182
60,"SE","Solyc01g112140.4","-",90578627,90578743,"201,221,209","85,80,66","195,225,235","34,31,33",4.13907831582891e-06,-0.182
60,"SE","Solyc01g112140.4","-",90578567,90578743,"424,458,438","85,80,66","439,518,524","34,31,33",8.35280925043598e-08,-0.141
90,"SE","Solyc02g005180.3","+",6943974,6944215,"1,4,8","0,0,0","0,4,6","6,10,9",1.90233018226437e-09,0.861
90,"SE","Solyc02g005180.3","+",6943981,6944215,"1,7,10","0,0,0","0,4,7","6,10,9",3.73132458265011e-10,0.851
90,"SE","Solyc02g005180.3","+",6944155,6944215,"2,4,4","0,0,0","0,3,9","6,10,9",2.01298956326997e-08,0.803
90,"SE","Solyc02g005180.3","+",6944498,6944713,"5,13,6","0,0,0","18,20,34","6,10,9",1.04551634988964e-05,0.415
90,"SE","Solyc02g005180.3","+",6944498,6944868,"20,24,30","0,0,0","26,32,52","6,10,9",5.58179846941386e-07,0.319
90,"SE","Solyc02g005180.3","+",6943967,6944057,"51,58,70","0,0,0","45,66,85","6,10,9",5.01404103130084e-07,0.172
105,"SE","Solyc02g005180.3","+",6943974,6944215,"2,8,2","0,1,1","7,3,1","18,14,12",7.5920471429491e-05,0.667
105,"SE","Solyc02g005180.3","+",6943981,6944215,"2,8,2","0,1,1","7,3,2","18,14,12",0.000106895761783115,0.654
105,"SE","Solyc02g005180.3","+",6944460,6944868,"22,50,33","0,1,1","25,20,22","18,14,12",1.30317053445216e-13,0.533
105,"SE","Solyc02g005180.3","+",6944498,6944868,"22,52,33","0,1,1","25,27,25","18,14,12",1.56380464134057e-12,0.498
105,"SE","Solyc02g005180.3","+",6943974,6944215,"17,47,20","0,2,0","20,28,18","5,8,5",1.37602157693758e-05,0.325
105,"SE","Solyc02g005180.3","+",6943981,6944215,"17,47,20","0,2,0","20,28,19","5,8,5",1.54636649012571e-05,0.321
105,"SE","Solyc02g005180.3","+",6943967,6944057,"47,94,69","0,1,1","63,59,60","18,14,12",1.36938568592436e-11,0.264
120,"SE","Solyc02g005180.3","+",6944498,6944868,"26,31,24","0,1,0","15,17,9","15,9,11",7.62528928888066e-13,0.61
120,"SE","Solyc02g005180.3","+",6944498,6944713,"5,13,14","0,1,0","27,17,9","15,9,11",7.24133204340842e-07,0.539
120,"SE","Solyc02g005180.3","+",6943967,6944057,"82,59,52","0,1,0","50,46,60","15,9,11",1.43771363501118e-10,0.255
120,"SE","Solyc02g005180.3","+",6943981,6944215,"11,26,14","0,0,0","20,19,15","3,3,3",0.000555552959648484,0.252
80,"SE","Solyc02g079100.3","+",41703412,41703454,"40,58,38","0,0,1","61,50,42","6,10,1",0.000703956989563472,0.104
105,"SE","Solyc02g079100.3","+",41703412,41703454,"47,62,52","1,1,0","56,71,69","9,5,15",6.24092051798943e-06,0.142
105,"SE","Solyc02g079100.3","+",41703286,41703454,"123,127,137","1,1,0","112,160,174","9,5,15",4.70336935265321e-06,0.104
105,"SE","Solyc02g079100.3","+",41703304,41703454,"125,130,152","1,1,0","118,156,186","9,5,15",4.14804170252457e-06,0.1
120,"SE","Solyc02g079100.3","+",41703412,41703454,"26,71,61","2,1,1","65,49,48","21,15,9",6.47587161623022e-08,0.213
120,"SE","Solyc02g079100.3","+",41703394,41703454,"64,65,78","2,1,1","88,62,60","21,15,9",2.54614245997074e-08,0.199
120,"SE","Solyc02g079100.3","+",41703286,41703454,"130,129,135","2,1,1","167,109,114","21,15,9",9.38927287769751e-09,0.164
120,"SE","Solyc02g079100.3","+",41703304,41703454,"131,134,138","2,1,1","174,113,115","21,15,9",9.40360675483705e-09,0.16
30,"SE","Solyc02g082440.2","-",44129349,44129401,"4,1,2","4,5,8","9,4,1","1,0,0",5.23999694259036e-06,-0.72
30,"SE","Solyc02g082440.2","-",44128983,44129401,"4,18,19","4,5,8","7,18,14","1,0,0",0.000162855678432889,-0.42
30,"SE","Solyc02g082440.2","-",44128983,44129051,"10,16,18","4,5,8","9,24,12","1,0,0",8.1360259610688e-05,-0.312
30,"SE","Solyc02g082440.2","-",44129349,44129455,"54,36,68","4,5,8","41,47,51","1,0,0",0.000455093721236154,-0.144
30,"SE","Solyc02g082440.2","-",44128983,44129455,"51,46,78","4,5,8","33,52,57","1,0,0",0.000536054701244956,-0.143
105,"SE","Solyc02g082440.2","-",44129349,44129455,"177,145,80","11,26,8","39,62,66","0,0,1",1.42547141439195e-06,-0.151
120,"SE","Solyc02g082440.2","-",44129050,44129455,"31,49,41","12,17,4","34,26,21","0,0,3",0.000842037610708497,-0.262
120,"SE","Solyc02g082440.2","-",44129349,44129455,"47,70,42","12,17,4","44,32,35","0,0,3",0.00010038729940785,-0.203
120,"SE","Solyc03g005120.3","-",93356,93402,"60,80,74","0,1,7","67,72,69","16,16,12",2.06707388467384e-05,0.174
20,"SE","Solyc03g078020.4","+",43488793,43488950,"0,3,2","29,17,31","11,7,13","20,23,28",0.000408579972307807,-0.141
60,"SE","Solyc03g078020.4","+",43482933,43483382,"4,3,3","20,27,8","14,16,10","12,15,4",0.000408040634464696,-0.323
15,"SE","Solyc03g093390.4","-",49212072,49212261,"6,25,0","26,21,15","0,0,0","57,40,28",1.53949946628315e-05,0.159
20,"SE","Solyc03g093390.4","-",49212085,49212447,"20,15,12","0,0,0","19,16,19","21,0,21",8.08257899298338e-05,0.459
20,"SE","Solyc03g093390.4","-",49212331,49212417,"21,11,5","0,0,0","35,36,16","21,0,21",0.000207712301011519,0.387
20,"SE","Solyc03g093390.4","-",49212087,49212417,"23,5,1","0,0,0","66,5,27","21,0,21",9.93856451973993e-05,0.333
20,"SE","Solyc03g093390.4","-",49212331,49212447,"40,23,18","0,0,0","48,53,31","21,0,21",8.29766455860486e-05,0.328
20,"SE","Solyc03g093390.4","-",49212087,49212447,"43,15,13","0,0,0","81,16,37","21,0,21",6.57106100080574e-05,0.291
20,"SE","Solyc03g093390.4","-",49212085,49212474,"24,41,34","0,0,0","58,82,62","21,0,21",7.36802847608434e-05,0.275
20,"SE","Solyc03g093390.4","-",49212331,49212474,"47,51,40","0,0,0","93,119,77","21,0,21",3.79125498651933e-05,0.218
20,"SE","Solyc03g093390.4","-",49212087,49212474,"47,41,35","0,0,0","120,82,80","21,0,21",4.67222206703401e-05,0.201
25,"SE","Solyc03g093390.4","-",49212087,49212261,"2,0,0","29,11,17","35,109,74","63,42,21",6.19632567477976e-10,-0.462
70,"SE","Solyc03g093390.4","-",49212058,49212417,"1,10,5","0,0,0","1,8,8","38,68,88",0,0.963
70,"SE","Solyc03g093390.4","-",49212072,49212417,"1,10,2","0,0,0","1,5,36","38,68,88",2.35067635854187e-11,0.927
70,"SE","Solyc03g093390.4","-",49212058,49212447,"15,18,16","0,0,0","8,19,17","38,68,88",0,0.898
70,"SE","Solyc03g093390.4","-",49212072,49212447,"15,18,13","0,0,0","8,16,45","38,68,88",0,0.865
70,"SE","Solyc03g093390.4","-",49212331,49212417,"30,26,30","0,0,0","17,30,35","38,68,88",0,0.786
70,"SE","Solyc03g093390.4","-",49212087,49212417,"1,53,9","0,0,0","1,92,68","38,68,88",0,0.768
70,"SE","Solyc03g093390.4","-",49212331,49212531,"31,19,33","0,0,0","20,52,50","38,68,88",0,0.765
70,"SE","Solyc03g093390.4","-",49212058,49212474,"52,37,41","0,0,0","44,26,41","38,68,88",0,0.761
70,"SE","Solyc03g093390.4","-",49212058,49212262,"16,14,14","0,0,0","20,56,50","38,68,88",0,0.76
70,"SE","Solyc03g093390.4","-",49212072,49212262,"16,14,11","0,0,0","20,53,78","38,68,88",0,0.735
70,"SE","Solyc03g093390.4","-",49212072,49212474,"52,37,38","0,0,0","44,23,69","38,68,88",0,0.735
70,"SE","Solyc03g093390.4","-",49212087,49212447,"15,61,20","0,0,0","8,103,77","38,68,88",0,0.723
70,"SE","Solyc03g093390.4","-",49212331,49212447,"42,31,42","0,0,0","28,50,55","38,68,88",0,0.718
70,"SE","Solyc03g093390.4","-",49212331,49212474,"82,56,71","0,0,0","64,57,77","38,68,88",0,0.643
70,"SE","Solyc03g093390.4","-",49212087,49212262,"16,57,18","0,0,0","20,140,110","38,68,88",0,0.633
70,"SE","Solyc03g093390.4","-",49212087,49212474,"52,80,45","0,0,0","44,110,101","38,68,88",0,0.607
80,"SE","Solyc03g093390.4","-",49212058,49212447,"12,18,15","0,0,11","21,15,13","79,72,48",1.07231353762675e-05,0.692
80,"SE","Solyc03g093390.4","-",49212331,49212417,"25,23,25","0,0,11","27,19,18","79,72,48",7.65339993400629e-10,0.692
80,"SE","Solyc03g093390.4","-",49212331,49212535,"28,26,26","0,0,11","38,29,25","79,72,48",2.1037322149292e-07,0.658
80,"SE","Solyc03g093390.4","-",49212331,49212447,"34,40,39","0,0,11","48,35,37","79,72,48",5.43344550638453e-11,0.631
80,"SE","Solyc03g093390.4","-",49212058,49212474,"42,35,42","0,0,11","48,54,35","79,72,48",3.02552849440921e-10,0.628
80,"SE","Solyc03g093390.4","-",49212331,49212531,"28,26,26","0,0,11","37,40,35","79,72,48",1.32592839474875e-06,0.623
80,"SE","Solyc03g093390.4","-",49212331,49212474,"69,60,68","0,0,11","78,73,60","79,72,48",0,0.565
80,"SE","Solyc03g093390.4","-",49212087,49212447,"12,81,15","0,0,11","54,15,69","79,72,48",0.000393836899187206,0.546
80,"SE","Solyc03g093390.4","-",49212087,49212474,"42,98,42","0,0,11","81,54,91","79,72,48",5.02747433598274e-08,0.519
80,"SE","Solyc03g093390.4","-",49212339,49212531,"0,0,0","1,24,17","2,15,10","20,18,61",0.000310681423241181,-0.139
90,"SE","Solyc03g093390.4","-",49212339,49212531,"0,0,2","23,8,42","7,17,16","70,42,45",8.34637924437378e-05,-0.115
105,"SE","Solyc03g093390.4","-",49212058,49212447,"16,13,18","0,0,0","13,6,12","0,35,116",1.78517478517927e-06,0.624
105,"SE","Solyc03g093390.4","-",49212087,49212417,"1,44,1","0,0,0","1,13,41","0,35,116",1.18287066883763e-06,0.564
105,"SE","Solyc03g093390.4","-",49212087,49212447,"16,57,17","0,0,0","11,19,47","0,35,116",4.70336935265321e-06,0.54
105,"SE","Solyc03g093390.4","-",49212058,49212474,"34,34,39","0,0,0","41,35,45","0,35,116",1.13296965881563e-05,0.502
105,"SE","Solyc03g093390.4","-",49212058,49212262,"8,13,26","0,0,0","68,29,63","0,35,116",4.0976086240904e-05,0.498
105,"SE","Solyc03g093390.4","-",49212331,49212417,"31,21,53","0,0,0","29,38,22","0,35,116",9.15326698803057e-06,0.495
105,"SE","Solyc03g093390.4","-",49212331,49212531,"45,25,69","0,0,0","38,70,21","0,35,116",1.25492298523389e-05,0.472
105,"SE","Solyc03g093390.4","-",49212331,49212447,"56,38,80","0,0,0","46,53,31","0,35,116",7.61672714649688e-06,0.47
105,"SE","Solyc03g093390.4","-",49212087,49212474,"34,78,38","0,0,0","39,48,80","0,35,116",4.30632740164729e-06,0.446
105,"SE","Solyc03g093390.4","-",49212087,49212262,"8,57,25","0,0,0","66,42,98","0,35,116",1.58065781263802e-05,0.443
105,"SE","Solyc03g093390.4","-",49212331,49212474,"77,59,104","0,0,0","76,89,64","0,35,116",7.40468898309817e-06,0.405
105,"SE","Solyc03g093390.4","-",49212339,49212447,"18,13,14","8,13,25","8,5,9","66,29,63",1.71072524665707e-05,0.315
105,"SE","Solyc03g093390.4","-",49212339,49212474,"36,33,37","8,13,25","37,27,39","66,29,63",0.000893531476781872,0.303
120,"SE","Solyc03g093390.4","-",49212333,49212447,"37,20,18","26,39,32","11,2,5","68,39,21",2.83431698454616e-05,0.227
120,"SE","Solyc03g093390.4","-",49212333,49212531,"0,0,1","26,39,32","23,13,9","68,39,21",9.29783833541611e-09,-0.15
30,"SE","Solyc03g097460.3","-",54368077,54368346,"12,23,11","0,0,0","1,5,10","14,0,17",3.83664853209906e-05,0.58
30,"SE","Solyc03g097460.3","-",54366473,54366858,"1,3,3","0,0,0","3,5,9","14,0,17",8.58459711810561e-05,0.565
30,"SE","Solyc03g097460.3","-",54368077,54368320,"12,14,2","0,0,0","6,4,23","14,0,17",9.42599441218107e-05,0.473
30,"SE","Solyc03g097460.3","-",54366543,54366858,"12,17,7","0,0,0","15,7,18","14,0,17",6.961768340594e-05,0.435
40,"SE","Solyc03g097460.3","-",54366473,54367133,"1,8,5","0,21,18","1,7,4","0,0,0",2.56510492383254e-05,-0.573
40,"SE","Solyc03g097460.3","-",54366473,54366858,"1,8,5","0,21,18","1,11,2","0,0,0",2.56510492383254e-05,-0.573
40,"SE","Solyc03g097460.3","-",54366543,54366858,"9,10,5","0,21,18","15,23,14","0,0,0",7.98445162573511e-05,-0.562
40,"SE","Solyc03g097460.3","-",54368077,54368320,"12,15,8","0,21,18","6,22,35","0,0,0",8.670860436433e-05,-0.518
40,"SE","Solyc03g097460.3","-",54366473,54367133,"1,8,5","0,0,0","3,7,2","0,6,8",0.000226505327300931,0.507
40,"SE","Solyc03g097460.3","-",54366473,54366858,"1,8,6","0,0,0","1,7,2","0,6,8",0.000121461632894653,0.507
40,"SE","Solyc03g097460.3","-",54368077,54368346,"16,13,23","0,21,18","8,12,15","0,0,0",0.000148323142668299,-0.458
40,"SE","Solyc03g097460.3","-",54366543,54366858,"9,10,6","0,0,0","15,19,14","0,6,8",0.00041089793903022,0.307
70,"SE","Solyc03g097460.3","-",54368077,54368320,"8,19,6","0,1,1","5,12,8","21,18,20",4.4496765412107e-10,0.711
70,"SE","Solyc03g097460.3","-",54366473,54366858,"2,9,2","0,1,1","1,4,4","21,18,20",1.37628215927276e-05,0.701
70,"SE","Solyc03g097460.3","-",54366543,54366858,"7,18,17","0,1,1","14,27,21","21,18,20",2.59046158184649e-08,0.591
70,"SE","Solyc03g112050.4","+",57015698,57015891,"501,699,491","5,21,28","518,502,599","53,68,56",2.35879745365818e-10,0.121
80,"SE","Solyc03g112050.4","+",57015698,57015891,"431,493,448","15,18,24","583,464,549","108,54,77",6.17168538496518e-12,0.149
90,"SE","Solyc03g112050.4","+",57015698,57015891,"800,787,845","178,186,195","1119,915,1281","443,432,498",8.49073329918996e-07,0.14
90,"SE","Solyc03g112050.4","+",57015670,57015891,"371,397,384","178,186,195","505,464,634","443,432,498",8.56261266391062e-06,0.14
90,"SE","Solyc03g112050.4","+",57015704,57015891,"374,398,384","178,186,195","505,470,634","443,432,498",8.57236145437819e-06,0.14
90,"SE","Solyc03g112050.4","+",57015726,57015891,"371,397,384","178,186,195","505,471,634","443,432,498",1.06062426180829e-05,0.139
90,"SE","Solyc03g112050.4","+",57016692,57016807,"349,285,322","181,180,202","390,348,424","421,370,417",2.02185310849308e-05,0.137
90,"SE","Solyc03g112050.4","+",57015698,57015891,"429,390,461","21,13,23","614,452,648","63,82,79",6.92550856438452e-08,0.13
90,"SE","Solyc03g112050.4","+",57016549,57016807,"554,449,493","181,180,202","663,592,736","421,370,417",0.000377065437098012,0.119
105,"SE","Solyc03g112050.4","+",57015698,57015891,"531,459,478","21,25,23","509,620,623","77,68,86",8.53650440442591e-09,0.123
120,"SE","Solyc03g112050.4","+",57015698,57015891,"400,546,535","13,31,1","565,482,502","124,69,94",0,0.211
120,"SE","Solyc03g112050.4","+",57016692,57016807,"304,317,322","152,246,177","331,276,298","388,317,390",3.54838209015152e-06,0.168
120,"SE","Solyc03g112050.4","+",57016704,57016807,"253,262,262","152,246,177","270,234,222","388,317,390",1.56960728308129e-06,0.167
120,"SE","Solyc03g112050.4","+",57016549,57016807,"481,533,509","152,246,177","578,461,510","388,317,390",1.94021399242577e-06,0.16
120,"SE","Solyc03g112050.4","+",57016549,57016598,"161,186,163","152,246,177","204,180,188","388,317,390",0.000296829894976194,0.123
15,"SE","Solyc03g113770.3","-",58250850,58250891,"4,2,16","0,0,0","5,3,5","0,9,4",0.000669569059363039,0.433
20,"SE","Solyc03g115950.3","+",59948482,59948533,"28,18,8","0,0,0","12,12,13","4,7,2",2.77924487765783e-05,0.306
20,"SE","Solyc03g115950.3","+",59948468,59948533,"35,16,11","0,0,0","12,22,19","4,7,2",7.91247840707805e-05,0.256
90,"SE","Solyc03g115950.3","+",59948482,59948533,"6,9,8","3,0,0","9,9,10","24,14,7",0.000591619355381619,0.513
105,"SE","Solyc03g115950.3","+",59948482,59948533,"10,4,11","0,0,0","14,4,12","6,7,13",7.87247926200318e-08,0.553
105,"SE","Solyc03g115950.3","+",59948468,59948533,"10,5,16","0,0,0","21,4,19","6,7,13",3.4266724237437e-07,0.501
120,"SE","Solyc03g115950.3","+",59948482,59948533,"1,15,3","0,1,0","16,14,8","11,17,12",1.62995719076484e-06,0.562
120,"SE","Solyc03g115950.3","+",59948468,59948533,"1,14,3","0,1,0","16,16,12","11,17,12",4.90697828962332e-06,0.533
105,"SE","Solyc04g077030.3","-",59984539,59984585,"12,8,13","0,0,0","12,16,8","3,3,3",0.00025345980697195,0.258
120,"SE","Solyc04g077030.3","-",59984539,59984593,"19,19,23","0,0,0","79,51,29","7,3,8",0.000502352497468446,0.152
90,"SE","Solyc04g080820.2","-",62867577,62867954,"20,14,29","0,0,0","11,15,17","19,2,11",1.07272307223234e-07,0.517
90,"SE","Solyc04g080820.2","-",62867826,62867954,"45,26,46","0,0,0","36,25,34","19,2,11",5.91229902333327e-08,0.333
120,"SE","Solyc04g080820.2","-",62867826,62867954,"29,32,43","0,2,0","40,33,30","2,4,16",0.000677026714047057,0.221
40,"SE","Solyc04g082420.3","-",64052117,64052143,"152,98,158","130,91,155","60,61,65","156,130,118",1.90318984363745e-06,0.197
60,"SE","Solyc04g082420.3","-",64052117,64052143,"205,273,91","140,164,116","45,59,58","92,191,114",2.62743168406068e-05,0.246
60,"SE","Solyc04g082420.3","-",64052090,64052143,"50,70,29","140,164,116","19,16,17","92,191,114",0.000110152037392429,0.105
80,"SE","Solyc04g082420.3","-",64052117,64052143,"132,126,103","91,114,100","71,52,60","130,93,112",5.5116903503621e-05,0.184
80,"SE","Solyc04g082420.3","-",64052090,64052143,"47,33,33","91,114,100","18,18,14","130,93,112",0.000995814681005426,0.115
90,"SE","Solyc04g082420.3","-",64052117,64052143,"139,143,115","116,93,93","50,55,68","106,108,185",1.62316530586795e-11,0.253
90,"SE","Solyc04g082420.3","-",64052090,64052143,"46,31,47","116,93,93","16,5,17","106,108,185",5.06950259548362e-10,0.166
90,"SE","Solyc04g082420.3","-",64052089,64052143,"40,29,44","116,93,93","15,6,15","106,108,185",5.0696537116425e-09,0.152
105,"SE","Solyc04g082420.3","-",64052117,64052143,"156,103,124","206,128,133","48,142,59","147,270,131",0.000408399051815588,0.146
120,"SE","Solyc04g082420.3","-",64052117,64052143,"81,116,98","124,151,104","63,27,54","145,96,120",0.000843235090658966,0.152
105,"SE","Solyc05g054390.4","+",63701027,63701102,"205,173,131","0,0,0","139,179,134","11,11,18",7.90242612089089e-11,0.12
120,"SE","Solyc05g054390.4","+",63701027,63701102,"144,144,134","0,7,0","162,126,136","8,9,24",4.0726711790607e-05,0.103
105,"SE","Solyc05g054710.3","-",63955884,63955945,"34,37,36","0,0,1","33,33,27","10,1,4",0.000217786341649524,0.158
120,"SE","Solyc05g054710.3","-",63955884,63955945,"35,37,48","0,3,0","47,37,25","5,7,12",0.000123554219854961,0.214
60,"SE","Solyc06g067950.3","+",39756878,39757077,"2,5,4","0,0,0","0,5,14","3,7,0",0.000722143706098795,0.579
60,"SE","Solyc06g067950.3","+",39756909,39757077,"3,5,4","0,0,0","0,5,14","3,7,0",0.000722143706098795,0.579
60,"SE","Solyc06g067950.3","+",39756909,39757008,"1,6,2","0,0,0","3,4,3","3,7,0",0.000663419945595629,0.456
90,"SE","Solyc06g067950.3","+",39756878,39757077,"1,1,1","0,0,0","7,0,2","4,3,6",1.24208249668445e-09,0.797
105,"SE","Solyc06g067950.3","+",39756878,39757077,"3,16,9","1,0,0","0,7,2","5,4,4",1.42547141439195e-06,0.644
105,"SE","Solyc06g067950.3","+",39756909,39757077,"3,16,9","1,0,0","0,9,2","5,4,4",3.60668299047471e-06,0.624
10,"SE","Solyc06g073590.3","+",43063419,43063830,"66,49,52","12,9,8","29,29,34","13,20,35",0.000486514298515079,0.318
80,"SE","Solyc06g073590.3","+",43063134,43063332,"339,405,368","159,154,139","571,402,437","87,99,80",1.21168753710888e-06,-0.171
90,"SE","Solyc06g073590.3","+",43063419,43063481,"329,322,380","7,22,15","306,226,260","38,38,31",7.72708535071012e-07,0.105
105,"SE","Solyc06g073590.3","+",43063419,43063481,"345,415,367","0,12,7","281,322,331","40,35,46",0,0.133
120,"SE","Solyc06g073590.3","+",43063419,43063481,"228,394,227","4,18,11","321,330,293","44,34,50",6.31963303257073e-08,0.112
60,"SE","Solyc06g084590.4","+",47239719,47239740,"14,22,15","0,1,1","14,7,16","10,2,8",5.69501531045507e-05,0.313
60,"SE","Solyc06g084590.4","+",47239494,47239561,"30,64,53","0,1,1","35,59,59","10,2,8",0.000819031280650361,0.152
70,"SE","Solyc06g084590.4","+",47239661,47239740,"57,119,61","5,2,0","37,51,41","7,7,14",0.000116479457114609,0.2
80,"SE","Solyc06g084590.4","+",47239494,47239561,"63,53,42","1,4,0","57,49,49","12,5,14",0.000441933585933834,0.178
105,"SE","Solyc06g084590.4","+",47239719,47239740,"17,25,17","0,0,0","12,17,20","18,26,0",1.1111738816062e-05,0.422
105,"SE","Solyc06g084590.4","+",47239494,47239561,"47,65,62","0,0,0","50,46,46","18,26,0",3.46237215470755e-07,0.264
105,"SE","Solyc06g084590.4","+",47239661,47239740,"74,79,72","0,0,0","82,74,48","18,26,0",5.60072032869242e-08,0.2
120,"SE","Solyc06g084590.4","+",47239719,47239740,"15,11,16","0,0,1","9,13,11","20,15,19",2.90487211004977e-13,0.627
120,"SE","Solyc06g084590.4","+",47239494,47239561,"47,78,43","0,0,1","37,47,44","20,15,19",0,0.369
120,"SE","Solyc06g084590.4","+",47239661,47239740,"65,58,64","0,0,1","56,47,42","20,15,19",0,0.356
60,"SE","Solyc07g005690.3","+",559611,560045,"76,88,75","0,4,0","78,78,86","11,16,11",3.2521356896692e-06,0.211
90,"SE","Solyc07g005690.3","+",559611,560017,"78,70,63","4,2,0","78,67,96","29,10,23",5.01404103130084e-07,0.278
105,"SE","Solyc07g005690.3","+",559611,560017,"82,74,69","4,4,8","72,90,94","16,33,19",0.000373465824555111,0.215
120,"SE","Solyc07g005690.3","+",559611,559682,"199,277,179","0,7,0","235,196,189","24,21,26",1.8300694293341e-12,0.134
5,"SE","Solyc07g006120.3","+",960018,960194,"47,46,76","6,2,12","39,43,49","0,0,0",7.40810786768182e-05,-0.174
5,"SE","Solyc07g006120.3","+",960048,960194,"85,83,132","6,2,12","67,83,77","0,0,0",0.00030040183937844,-0.107
15,"SE","Solyc07g006120.3","+",960018,960194,"39,50,44","6,2,8","43,60,51","2,1,0",0.00606552959591137,-0.153
30,"SE","Solyc07g006120.3","+",960018,960194,"58,48,51","0,0,0","43,33,42","2,16,4",3.2422598523207e-05,0.246
30,"SE","Solyc07g006120.3","+",960048,960194,"99,102,92","0,0,0","75,58,80","2,16,4",2.82312122911656e-05,0.164
40,"SE","Solyc07g006120.3","+",960056,960194,"43,65,46","1,0,0","48,53,39","2,8,4",0.000938631117921118,0.14
40,"SE","Solyc07g006120.3","+",960018,960194,"44,63,53","1,0,0","49,53,44","2,8,4",0.00095541673089719,0.139
80,"SE","Solyc07g006120.3","+",960018,960194,"44,37,37","4,0,0","45,49,39","4,13,10",0.00231478248732818,0.228
80,"SE","Solyc07g006120.3","+",960056,960194,"43,35,33","4,0,0","51,49,38","4,13,10",0.00435032376558488,0.218
80,"SE","Solyc07g006120.3","+",960048,960194,"88,78,60","4,0,0","82,80,71","4,13,10",0.000513678110873173,0.155
90,"SE","Solyc07g006120.3","+",960018,960194,"56,39,51","2,8,6","55,36,40","22,13,29",0.00134400902627885,0.302
90,"SE","Solyc07g006120.3","+",960048,960194,"119,75,104","2,8,6","106,79,80","22,13,29",0.000169483659604027,0.215
105,"SE","Solyc07g006120.3","+",960018,960194,"67,63,83","0,1,0","50,73,67","2,15,13",1.25321264211535e-07,0.205
105,"SE","Solyc07g006120.3","+",960048,960194,"106,135,148","0,1,0","79,156,128","2,15,13",1.20508740417182e-07,0.12
50,"SE","Solyc07g041830.4","+",53979273,53979609,"14,13,13","143,243,118","16,28,28","80,64,52",3.64738287295192e-07,-0.119
80,"SE","Solyc07g041830.4","+",53979273,53979609,"13,17,9","195,154,241","12,26,8","45,43,48",4.70278536662179e-06,-0.108
90,"SE","Solyc07g041830.4","+",53979273,53979609,"28,10,14","214,155,166","22,19,11","43,60,55",0.0001199765687529,-0.1
120,"SE","Solyc07g041830.4","+",53979273,53979609,"18,13,9","95,114,117","22,16,13","54,36,29",8.01187411026825e-05,-0.119
120,"SE","Solyc07g041830.4","+",53979273,53979622,"14,14,9","95,114,117","19,14,13","54,36,29",0.000247414404918202,-0.111
10,"SE","Solyc07g044850.3","+",57791060,57791278,"29,48,19","10,13,3","39,51,36","0,1,1",1.81254385250913e-06,-0.303
5,"SE","Solyc07g045350.4","-",58340748,58340770,"11,6,22","68,1,80","12,8,21","1,0,0",5.07424391620699e-06,-0.586
10,"SE","Solyc07g045350.4","-",58340748,58340770,"13,10,11","10,1,0","12,7,10","55,50,72",7.06783241265864e-07,0.684
15,"SE","Solyc07g045350.4","-",58340748,58340770,"12,24,8","0,0,0","14,14,8","72,0,15",8.54289756975055e-05,0.513
20,"SE","Solyc07g045350.4","-",58340748,58340770,"16,15,6","75,75,81","18,17,15","0,0,0",0,-0.878
30,"SE","Solyc07g045350.4","-",58340748,58340770,"13,12,10","70,0,42","16,26,12","0,0,0",4.94442968888843e-05,-0.563
80,"SE","Solyc07g045350.4","-",58340748,58340770,"16,10,18","85,97,11","30,27,16","0,0,1",0,-0.707
60,"SE","Solyc07g053250.3","+",61652825,61653003,"26,14,27","10,6,6","20,27,24","2,1,0",0.000840901393572036,-0.323
60,"SE","Solyc07g053250.3","+",61652825,61652915,"32,19,34","10,6,6","33,25,30","2,1,0",0.000789350788547021,-0.247
70,"SE","Solyc07g053250.3","+",61652825,61652915,"51,33,25","18,17,12","16,30,35","0,2,0",1.69028559829297e-08,-0.384
105,"SE","Solyc07g054440.3","-",62670444,62670524,"101,69,71","0,0,0","48,71,72","8,13,2",3.75687818887403e-07,0.155
120,"SE","Solyc07g054440.3","-",62670444,62670524,"62,89,59","0,0,0","67,52,46","4,9,10",1.35704193455466e-07,0.181
40,"SE","Solyc07g055020.3","+",63088316,63088343,"40,57,42","0,0,0","19,19,31","6,6,6",6.78199552072582e-07,0.243
90,"SE","Solyc07g055020.3","+",63088316,63088343,"28,25,44","8,5,1","42,17,33","0,0,0",0.000333844762734753,-0.156
105,"SE","Solyc07g055020.3","+",63083920,63084297,"13,9,6","4,2,4","3,2,1","0,0,0",4.40343380763517e-06,-0.42
105,"SE","Solyc07g055020.3","+",63083920,63084111,"12,9,7","4,2,4","3,2,1","0,0,0",4.6447990840083e-06,-0.414
105,"SE","Solyc07g055020.3","+",63083920,63084321,"30,27,27","4,2,4","14,3,12","0,0,0",0.000929552539423004,-0.19
120,"SE","Solyc07g065370.4","-",66988547,66989012,"186,201,131","0,0,0","251,188,198","5,18,15",2.07658791510441e-08,0.11
120,"SE","Solyc07g065370.4","-",66988547,66988875,"189,206,131","0,0,0","251,192,200","5,18,15",2.05929409790083e-08,0.109
120,"SE","Solyc07g065370.4","-",66988547,66988670,"186,201,132","0,0,0","251,188,197","5,18,15",2.62945268323255e-08,0.102
70,"SE","Solyc08g062960.4","-",50483479,50483561,"0,1,1","22,15,5","7,3,9","14,13,3",0.000847995893846455,-0.293
105,"SE","Solyc08g062960.4","-",50483479,50483561,"1,0,0","4,15,13","10,5,1","11,7,21",0.000917860159925674,-0.192
120,"SE","Solyc08g062960.4","-",50483479,50483561,"0,0,0","26,9,10","8,3,3","8,16,9",4.72310588124102e-05,-0.226
105,"SE","Solyc08g069231.1","+",56411857,56412200,"29,37,23","0,0,0","33,69,40","13,10,0",6.41902146552508e-05,0.222
120,"SE","Solyc08g069231.1","+",56412153,56412200,"21,10,15","0,0,2","23,10,19","6,10,7",0.000110811641873254,0.333
120,"SE","Solyc08g069231.1","+",56412133,56412200,"87,42,56","0,0,2","98,82,75","6,10,7",0.000238160842115273,0.101
120,"SE","Solyc08g075520.4","-",57788302,57788477,"583,407,483","151,151,134","358,334,338","234,197,201",1.14381005891175e-07,0.176
120,"SE","Solyc08g075520.4","-",57788302,57788535,"281,246,256","151,151,134","190,177,166","234,197,201",2.93806254880732e-08,0.176
120,"SE","Solyc08g075520.4","-",57788302,57788544,"281,246,256","151,151,134","192,177,170","234,197,201",5.05002861088108e-08,0.174
120,"SE","Solyc08g075520.4","-",57788302,57788430,"233,203,215","151,151,134","167,148,137","234,197,201",1.58674322204021e-07,0.168
105,"SE","Solyc09g011170.3","-",4550146,4550295,"7,12,2","0,0,0","13,12,15","2,6,4",4.74089266040642e-06,0.361
120,"SE","Solyc09g011170.3","-",4550146,4550200,"2,7,4","0,0,0","4,1,0","12,3,8",1.92249717828749e-11,0.869
120,"SE","Solyc09g011170.3","-",4550146,4550295,"5,20,11","0,0,0","18,7,10","12,3,8",1.15300667937658e-08,0.549
50,"SE","Solyc09g065660.4","+",59977248,59977272,"8,17,7","0,0,0","6,8,12","1,5,2",0.00241244485990846,0.248
50,"SE","Solyc09g065660.4","+",59977248,59977277,"13,17,10","0,0,0","8,14,14","1,5,2",0.00544389280568675,0.192
70,"SE","Solyc09g065660.4","+",59976013,59976067,"19,12,24","91,167,110","61,24,17","104,45,64",0.000283024604581874,-0.141
80,"SE","Solyc09g065660.4","+",59976013,59976063,"49,52,62","65,113,88","90,77,74","79,66,49",0.00345973569434067,-0.165
80,"SE","Solyc09g065660.4","+",59976013,59976067,"15,20,16","65,113,88","34,33,29","79,66,49",0.000691384646431236,-0.144
90,"SE","Solyc09g065660.4","+",59976013,59976063,"26,45,42","111,77,65","63,56,82","50,27,54",2.2756061972171e-05,-0.282
90,"SE","Solyc09g065660.4","+",59976013,59976067,"8,16,16","111,77,65","30,27,43","50,27,54",2.15355761794534e-08,-0.254
120,"SE","Solyc09g065660.4","+",59976013,59976063,"27,20,29","54,58,50","47,88,93","42,59,52",3.21073936369147e-06,-0.259
120,"SE","Solyc09g065660.4","+",59976013,59976067,"12,8,14","54,58,50","25,26,36","42,59,52",0.00132868057453894,-0.161
120,"SE","Solyc09g065660.4","+",59975985,59976063,"4,7,8","54,58,50","14,22,21","42,59,52",0.00125706502808577,-0.124
105,"SE","Solyc09g092450.3","-",67646223,67646402,"22,7,17","0,0,0","19,37,40","6,3,4",0.000149115228879816,0.231
120,"SE","Solyc09g092450.3","-",67646223,67646402,"25,23,5","0,0,1","11,31,18","3,9,5",7.44533460904152e-05,0.264
90,"SE","Solyc09g092680.4","-",67755744,67755895,"86,55,82","3,3,0","80,55,111","24,12,12",1.56431617010297e-05,0.231
105,"SE","Solyc09g092680.4","-",67755744,67755895,"75,72,85","5,5,0","60,76,71","18,14,11",0.000206954023559996,0.214
105,"SE","Solyc09g092680.4","-",67755819,67755884,"63,74,74","5,5,0","57,61,56","18,14,11",3.13847907406729e-05,0.197
70,"SE","Solyc09g098560.2","+",68426671,68427002,"18,43,23","22,17,19","12,6,12","29,26,43",0.000680435155145769,0.276
80,"SE","Solyc09g098560.2","+",68426671,68427002,"32,29,30","18,20,16","15,1,15","27,31,46",1.32592839474875e-06,0.334
105,"SE","Solyc10g083710.2","+",62635208,62635489,"15,18,9","0,2,0","5,7,9","1,8,3",0.000567990065560057,0.4
105,"SE","Solyc10g083710.2","+",62635208,62635328,"14,17,10","0,2,0","5,12,9","1,8,3",0.000801664049742376,0.337
120,"SE","Solyc10g083710.2","+",62635258,62635489,"5,12,6","0,1,0","7,5,5","10,4,1",4.72310588124102e-05,0.5
120,"SE","Solyc10g083710.2","+",62635258,62635328,"4,8,6","0,1,0","7,4,6","10,4,1",0.000201670628629849,0.438
120,"SE","Solyc10g083710.2","+",62635208,62635489,"11,9,12","0,1,0","14,15,6","10,4,1",0.000166834427322186,0.335
120,"SE","Solyc10g083710.2","+",62635208,62635328,"10,8,10","0,1,0","20,14,8","10,4,1",0.000491339674603888,0.271
120,"SE","Solyc10g083710.2","+",62635258,62635494,"18,30,21","0,1,0","27,19,14","10,4,1",7.62483408473672e-05,0.262
120,"SE","Solyc10g083710.2","+",62635208,62635494,"24,27,27","0,1,0","34,29,15","10,4,1",0.000145184672417066,0.212
120,"SE","Solyc10g083710.2","+",62635415,62635489,"12,18,15","0,0,0","23,12,9","6,0,3",0.000842037610708497,0.205
80,"SE","Solyc11g011533.1","+",4632975,4633074,"0,6,13","1,8,8","0,0,1","40,11,21",2.10296245151493e-05,0.259
90,"SE","Solyc11g011533.1","+",4632975,4633074,"3,5,5","3,1,4","0,0,5","18,12,22",0.000621743541355494,0.478
105,"SE","Solyc11g011533.1","+",4632975,4633074,"7,3,4","4,6,4","1,1,1","12,23,21",3.41995927353782e-05,0.339
105,"SE","Solyc11g070100.2","+",52698584,52698812,"16,10,11","3,2,0","6,9,3","5,13,7",0.000379480151829478,0.544
120,"SE","Solyc11g070100.2","+",52696943,52697118,"152,149,96","1,2,1","158,118,146","10,15,10",3.71382121845002e-06,0.125
70,"SE","Solyc12g006850.2","-",1263768,1263794,"62,83,45","0,0,0","52,47,57","5,15,7",1.00723901823981e-07,0.167
90,"SE","Solyc12g006850.2","-",1263768,1263794,"46,51,42","0,0,0","53,45,101","13,13,23",1.25770865944143e-10,0.229
90,"SE","Solyc12g006850.2","-",1263764,1263801,"81,83,89","0,0,0","96,99,145","13,13,23",1.78450402602262e-10,0.15
105,"SE","Solyc12g006850.2","-",1263768,1263794,"57,72,73","0,0,0","63,57,66","20,12,18",0,0.238
120,"SE","Solyc12g006850.2","-",1263768,1263794,"81,50,53","0,0,0","70,62,40","23,13,27",0,0.306
105,"SE","Solyc12g040810.2","-",54954554,54954688,"1,1,1","0,0,0","0,0,0","1,8,2",2.19216977903615e-10,1
105,"SE","Solyc12g040810.2","-",54953778,54953880,"154,170,156","5,3,0","150,181,140","13,15,23",4.83409297397053e-07,0.129
120,"SE","Solyc12g040810.2","-",54953778,54953880,"119,174,133","6,4,0","207,113,143","26,19,18",2.22705139660937e-07,0.152
120,"SE","Solyc12g040810.2","-",54953746,54953824,"187,220,154","6,4,0","246,182,172","26,19,18",1.32752743455822e-07,0.113
90,"SE","Solyc12g098620.2","+",65598029,65598212,"261,199,270","9,9,12","363,290,351","33,28,49",0.000307240371416464,0.101
105,"SE","Solyc12g098620.2","+",65598029,65598212,"248,347,262","7,2,8","307,262,315","25,35,30",2.88125649670606e-09,0.13
120,"SE","Solyc12g098620.2","+",65598029,65598356,"154,180,151","11,8,1","210,160,185","58,35,26",2.14949681095289e-08,0.22
120,"SE","Solyc12g098620.2","+",65598029,65598212,"254,362,264","11,8,1","371,298,339","58,35,26",4.58872964317453e-10,0.144
5,"SE","lnc_RNA:Solyc04r022210.1","-",55822692,55822842,"458,400,270","3,82,0","456,310,454","0,0,0",0.000102250705209569,-0.101
15,"SE","lnc_RNA:Solyc04r022210.1","-",55822662,55822692,"33,53,21","31,45,20","9,23,8","35,66,40",4.07044654927044e-06,0.296
15,"SE","lnc_RNA:Solyc04r022210.1","-",55822662,55822722,"45,93,41","31,45,20","27,33,20","35,66,40",2.65674683483847e-05,0.273
15,"SE","lnc_RNA:Solyc04r022210.1","-",55822515,55822602,"61,72,91","19,0,46","77,83,99","5,0,0",0.000676218523971993,-0.227
60,"SE","lnc_RNA:Solyc04r022210.1","-",55822692,55822842,"301,378,459","98,10,0","405,404,408","0,0,0",4.4821360062414e-05,-0.148
70,"SE","lnc_RNA:Solyc04r022210.1","-",55822245,55822424,"284,50,157","89,221,104","0,0,1","102,75,93",0,0.381
80,"SE","lnc_RNA:Solyc04r022210.1","-",55822149,55822362,"126,125,147","0,0,32","271,236,1","0,0,0",0.000608603312223266,-0.101
80,"SE","lnc_RNA:Solyc04r022210.1","-",55822149,55822392,"125,125,147","0,0,32","272,234,5","0,0,0",0.00060107384429221,-0.101
80,"SE","lnc_RNA:Solyc04r022210.1","-",55822149,55822422,"127,126,149","0,0,32","278,246,9","0,0,0",0.000527501965374858,-0.1
80,"SE","lnc_RNA:Solyc04r022210.1","-",55822149,55822542,"126,122,149","0,0,32","271,234,1","0,0,0",0.000561607460630482,-0.1
90,"SE","lnc_RNA:Solyc04r022210.1","-",55822245,55822422,"4,4,19","1,0,9","5,5,35","0,0,0",0.000634351681779931,-0.273
90,"SE","lnc_RNA:Solyc04r022210.1","-",55822272,55822422,"4,4,19","1,0,9","5,100,1","0,0,0",0.000494236868951767,-0.273
90,"SE","lnc_RNA:Solyc04r022210.1","-",55822242,55822392,"5,2,32","1,0,9","1,50,20","0,0,0",0.000461413200890605,-0.215
90,"SE","lnc_RNA:Solyc04r022210.1","-",55822275,55822305,"39,46,38","105,111,103","7,9,39","99,116,170",4.94523093270855e-05,0.15
105,"SE","lnc_RNA:Solyc04r022210.1","-",55822149,55822182,"1,1,3","0,0,0","0,0,5","9,1,9",4.13275819696595e-10,0.896
105,"SE","lnc_RNA:Solyc04r022210.1","-",55822146,55822392,"12,51,17","0,0,0","9,0,0","9,1,9",0,0.889
105,"SE","lnc_RNA:Solyc04r022210.1","-",55822305,55822362,"2,8,2","0,0,0","0,1,0","9,1,9",0,0.86
105,"SE","lnc_RNA:Solyc04r022210.1","-",55822275,55822362,"1,8,5","0,0,0","0,1,1","9,1,9",0,0.849
105,"SE","lnc_RNA:Solyc04r022210.1","-",55822146,55822362,"16,58,17","0,0,0","3,1,1","9,1,9",0,0.824
105,"SE","lnc_RNA:Solyc04r022210.1","-",55822203,55822362,"4,8,2","0,0,0","0,1,6","9,1,9",2.93122451376e-11,0.806
105,"SE","lnc_RNA:Solyc04r022210.1","-",55822245,55822362,"1,18,2","0,0,0","0,1,6","9,1,9",1.55578513035253e-11,0.79
105,"SE","lnc_RNA:Solyc04r022210.1","-",55822242,55822362,"4,8,2","0,0,0","0,2,2","9,1,9",1.07232318263009e-11,0.788
105,"SE","lnc_RNA:Solyc04r022210.1","-",55822422,55822542,"18,5,9","0,0,0","9,0,8","9,1,9",3.41626676873198e-09,0.771
105,"SE","lnc_RNA:Solyc04r022210.1","-",55822275,55822692,"1,2,5","0,0,0","1,3,1","9,1,9",1.2599797395905e-10,0.765
105,"SE","lnc_RNA:Solyc04r022210.1","-",55822305,55822692,"4,2,2","0,0,0","1,3,1","9,1,9",1.2599797395905e-10,0.765
105,"SE","lnc_RNA:Solyc04r022210.1","-",55822392,55822692,"1,9,2","0,0,0","1,3,1","9,1,9",9.17885332955523e-11,0.765
105,"SE","lnc_RNA:Solyc04r022210.1","-",55822515,55822692,"1,2,2","0,0,0","1,3,1","9,1,9",1.53832041754873e-10,0.765
105,"SE","lnc_RNA:Solyc04r022210.1","-",55822212,55822362,"4,8,2","0,0,0","9,1,1","9,1,9",5.96655561025458e-10,0.76
105,"SE","lnc_RNA:Solyc04r022210.1","-",55822272,55822362,"1,8,2","0,0,0","0,4,1","9,1,9",1.13385610276059e-09,0.74
105,"SE","lnc_RNA:Solyc04r022210.1","-",55822362,55822692,"1,37,34","0,0,0","1,3,3","9,1,9",8.18697723993107e-12,0.735
105,"SE","lnc_RNA:Solyc04r022210.1","-",55822482,55822692,"1,2,2","0,0,0","1,5,1","9,1,9",2.62706148039238e-09,0.727
105,"SE","lnc_RNA:Solyc04r022210.1","-",55822362,55822482,"2,6,13","0,0,0","4,1,6","9,1,9",1.53832041754873e-10,0.725
105,"SE","lnc_RNA:Solyc04r022210.1","-",55822203,55822692,"1,2,2","0,0,0","1,3,6","9,1,9",5.75672576273722e-09,0.699
105,"SE","lnc_RNA:Solyc04r022210.1","-",55822422,55822692,"1,2,2","0,0,0","6,3,1","9,1,9",5.75672576273722e-09,0.699
105,"SE","lnc_RNA:Solyc04r022210.1","-",55822272,55822692,"1,2,2","0,0,0","1,8,1","9,1,9",2.60638167294263e-08,0.698
105,"SE","lnc_RNA:Solyc04r022210.1","-",55822275,55822482,"5,15,10","0,0,0","9,1,7","9,1,9",5.5051136057315e-10,0.685
105,"SE","lnc_RNA:Solyc04r022210.1","-",55822305,55822482,"8,15,7","0,0,0","9,1,7","9,1,9",5.5051136057315e-10,0.685
105,"SE","lnc_RNA:Solyc04r022210.1","-",55822113,55822362,"4,8,25","0,0,0","28,1,1","9,1,9",2.05136455917226e-08,0.668
105,"SE","lnc_RNA:Solyc04r022210.1","-",55822212,55822692,"1,2,2","0,0,0","10,3,1","9,1,9",2.43455124375715e-08,0.663
105,"SE","lnc_RNA:Solyc04r022210.1","-",55822782,55822789,"1,3,4","0,0,0","1,1,7","9,1,9",2.99754308956051e-08,0.663
105,"SE","lnc_RNA:Solyc04r022210.1","-",55822146,55822482,"17,65,22","0,0,0","12,1,7","9,1,9",0,0.662
105,"SE","lnc_RNA:Solyc04r022210.1","-",55822149,55822392,"217,84,261","0,0,0","259,0,2","9,1,9",0.000379066840415149,0.655
105,"SE","lnc_RNA:Solyc04r022210.1","-",55822242,55822692,"4,2,2","0,0,0","2,11,2","9,1,9",2.49385188480308e-07,0.651
105,"SE","lnc_RNA:Solyc04r022210.1","-",55822203,55822482,"5,15,7","0,0,0","9,1,12","9,1,9",7.45243650878835e-09,0.645
105,"SE","lnc_RNA:Solyc04r022210.1","-",55822215,55822362,"31,29,68","0,0,0","1,3,14","9,1,9",1.24438922523371e-10,0.635
105,"SE","lnc_RNA:Solyc04r022210.1","-",55822212,55822482,"5,15,7","0,0,0","18,1,7","9,1,9",2.06247134528085e-08,0.629
105,"SE","lnc_RNA:Solyc04r022210.1","-",55822242,55822392,"3,1,2","0,0,0","7,8,1","9,1,9",2.31115374491465e-07,0.622
105,"SE","lnc_RNA:Solyc04r022210.1","-",55822215,55822392,"28,22,68","0,0,0","7,2,13","9,1,9",3.60877994154898e-13,0.6
105,"SE","lnc_RNA:Solyc04r022210.1","-",55822275,55822542,"21,9,16","0,0,0","15,1,13","9,1,9",2.01395373968582e-09,0.598
105,"SE","lnc_RNA:Solyc04r022210.1","-",55822305,55822542,"24,9,13","0,0,0","15,1,13","9,1,9",2.01395373968582e-09,0.598
105,"SE","lnc_RNA:Solyc04r022210.1","-",55822392,55822542,"21,16,13","0,0,0","15,1,13","9,1,9",1.13917153488072e-09,0.598
105,"SE","lnc_RNA:Solyc04r022210.1","-",55822362,55822542,"21,44,45","0,0,0","15,1,15","9,1,9",6.86056229747206e-12,0.586
105,"SE","lnc_RNA:Solyc04r022210.1","-",55822146,55822542,"33,59,28","0,0,0","18,1,13","9,1,9",6.86056229747206e-12,0.583
105,"SE","lnc_RNA:Solyc04r022210.1","-",55822215,55822692,"29,23,68","0,0,0","2,5,14","9,1,9",2.9672136444585e-09,0.583
105,"SE","lnc_RNA:Solyc04r022210.1","-",55822245,55822692,"1,15,2","0,0,0","1,3,27","9,1,9",2.6283302964669e-07,0.582
105,"SE","lnc_RNA:Solyc04r022210.1","-",55822113,55822482,"5,15,30","0,0,0","37,1,7","9,1,9",1.7154923774245e-07,0.571
105,"SE","lnc_RNA:Solyc04r022210.1","-",55822203,55822542,"21,9,13","0,0,0","15,1,18","9,1,9",1.46867076781901e-08,0.571
105,"SE","lnc_RNA:Solyc04r022210.1","-",55822245,55822482,"5,28,7","0,0,0","9,1,33","9,1,9",2.36257209061745e-07,0.562
105,"SE","lnc_RNA:Solyc04r022210.1","-",55822212,55822542,"21,9,13","0,0,0","24,1,13","9,1,9",5.33670993067063e-08,0.559
105,"SE","lnc_RNA:Solyc04r022210.1","-",55822215,55822662,"28,21,66","0,0,0","7,3,15","9,1,9",1.76976915507242e-11,0.555
105,"SE","lnc_RNA:Solyc04r022210.1","-",55822272,55822482,"5,15,7","0,0,0","9,6,7","9,1,9",1.25464181185008e-07,0.546
105,"SE","lnc_RNA:Solyc04r022210.1","-",55822149,55822362,"221,91,261","0,0,0","253,1,3","9,1,9",9.60528378573226e-05,0.53
105,"SE","lnc_RNA:Solyc04r022210.1","-",55822482,55822602,"15,2,8","0,0,0","6,6,10","9,1,9",2.43340537649512e-07,0.527
105,"SE","lnc_RNA:Solyc04r022210.1","-",55822275,55822722,"3,7,9","0,0,0","6,9,10","9,1,9",7.01291824096866e-07,0.525
105,"SE","lnc_RNA:Solyc04r022210.1","-",55822305,55822722,"6,7,6","0,0,0","6,9,10","9,1,9",7.01291824096866e-07,0.525
105,"SE","lnc_RNA:Solyc04r022210.1","-",55822392,55822722,"3,14,6","0,0,0","6,9,10","9,1,9",5.75963103108699e-07,0.525
105,"SE","lnc_RNA:Solyc04r022210.1","-",55822515,55822722,"3,7,6","0,0,0","6,9,10","9,1,9",8.06640567673068e-07,0.525
105,"SE","lnc_RNA:Solyc04r022210.1","-",55822692,55822722,"1,6,6","0,0,0","6,5,4","9,1,9",7.36969058559287e-07,0.522
105,"SE","lnc_RNA:Solyc04r022210.1","-",55822482,55822722,"3,7,6","0,0,0","6,11,10","9,1,9",1.33809948331387e-06,0.516
105,"SE","lnc_RNA:Solyc04r022210.1","-",55822113,55822542,"21,9,36","0,0,0","43,1,13","9,1,9",3.72622004361246e-07,0.514
105,"SE","lnc_RNA:Solyc04r022210.1","-",55822635,55822722,"1,6,5","0,0,0","6,8,7","9,1,9",1.30354822317635e-06,0.513
105,"SE","lnc_RNA:Solyc04r022210.1","-",55822362,55822722,"3,42,38","0,0,0","6,9,12","9,1,9",6.8463219668844e-08,0.511
105,"SE","lnc_RNA:Solyc04r022210.1","-",55822602,55822722,"2,6,5","0,0,0","6,8,10","9,1,9",1.10495642554855e-06,0.511
105,"SE","lnc_RNA:Solyc04r022210.1","-",55822245,55822542,"21,22,13","0,0,0","15,1,39","9,1,9",4.71879403001976e-07,0.509
105,"SE","lnc_RNA:Solyc04r022210.1","-",55822215,55822482,"33,36,73","0,0,0","10,3,20","9,1,9",1.10335105249492e-11,0.506
105,"SE","lnc_RNA:Solyc04r022210.1","-",55822242,55822482,"8,15,7","0,0,0","10,9,8","9,1,9",4.82381834389541e-07,0.506
105,"SE","lnc_RNA:Solyc04r022210.1","-",55822272,55822722,"3,7,6","0,0,0","6,14,10","9,1,9",2.50739355744699e-06,0.506
105,"SE","lnc_RNA:Solyc04r022210.1","-",55822242,55822722,"6,7,6","0,0,0","7,17,11","9,1,9",4.26082110537069e-06,0.482
105,"SE","lnc_RNA:Solyc04r022210.1","-",55822422,55822722,"3,7,6","0,0,0","11,9,10","9,1,9",1.42547141439195e-06,0.482
105,"SE","lnc_RNA:Solyc04r022210.1","-",55822149,55822482,"222,98,266","0,0,0","262,1,9","9,1,9",7.76403449938504e-05,0.466
105,"SE","lnc_RNA:Solyc04r022210.1","-",55822272,55822542,"21,9,13","0,0,0","15,6,13","9,1,9",1.22566551636499e-07,0.459
105,"SE","lnc_RNA:Solyc04r022210.1","-",55822215,55822542,"49,30,79","0,0,0","16,3,26","9,1,9",1.64981389660988e-11,0.446
105,"SE","lnc_RNA:Solyc04r022210.1","-",55822149,55822542,"238,92,272","0,0,0","268,1,15","9,1,9",9.17465109470343e-05,0.425
105,"SE","lnc_RNA:Solyc04r022210.1","-",55822242,55822542,"24,9,13","0,0,0","16,9,14","9,1,9",4.47647525255747e-07,0.425
105,"SE","lnc_RNA:Solyc04r022210.1","-",55822275,55822422,"2,1,3","0,0,0","13,10,16","9,1,9",9.80008129566955e-06,0.424
105,"SE","lnc_RNA:Solyc04r022210.1","-",55822245,55822722,"3,20,6","0,0,0","6,9,36","9,1,9",6.43375594496454e-06,0.422
105,"SE","lnc_RNA:Solyc04r022210.1","-",55822146,55822422,"14,51,15","0,0,0","16,10,16","9,1,9",1.1668481894129e-07,0.408
105,"SE","lnc_RNA:Solyc04r022210.1","-",55822215,55822422,"30,22,66","0,0,0","14,12,29","9,1,9",1.39631849107756e-07,0.363
105,"SE","lnc_RNA:Solyc04r022210.1","-",55822113,55822422,"2,1,23","0,0,0","41,10,16","9,1,9",1.62031659519192e-05,0.334
105,"SE","lnc_RNA:Solyc04r022210.1","-",55822515,55822602,"92,136,103","3,0,0","74,164,65","31,0,33",3.81176817751516e-06,0.265
105,"SE","lnc_RNA:Solyc04r022210.1","-",55822275,55822602,"45,20,30","0,0,0","34,8,56","9,1,9",7.43371975049817e-07,0.263
105,"SE","lnc_RNA:Solyc04r022210.1","-",55822305,55822602,"48,20,27","0,0,0","34,8,56","9,1,9",7.43371975049817e-07,0.263
105,"SE","lnc_RNA:Solyc04r022210.1","-",55822392,55822602,"45,27,27","0,0,0","34,8,56","9,1,9",6.17782756692794e-07,0.263
105,"SE","lnc_RNA:Solyc04r022210.1","-",55822362,55822602,"45,55,59","0,0,0","34,8,58","9,1,9",5.6333405254362e-08,0.261
105,"SE","lnc_RNA:Solyc04r022210.1","-",55822203,55822602,"45,20,27","0,0,0","34,8,61","9,1,9",1.25328304694644e-06,0.258
105,"SE","lnc_RNA:Solyc04r022210.1","-",55822146,55822602,"57,70,42","0,0,0","37,8,56","9,1,9",3.37047620431893e-08,0.257
105,"SE","lnc_RNA:Solyc04r022210.1","-",55822422,55822602,"45,20,27","0,0,0","39,8,56","9,1,9",1.04467016019425e-06,0.253
105,"SE","lnc_RNA:Solyc04r022210.1","-",55822212,55822602,"45,20,27","0,0,0","43,8,56","9,1,9",1.21040997052166e-06,0.246
105,"SE","lnc_RNA:Solyc04r022210.1","-",55822149,55822422,"219,84,259","0,0,0","266,10,18","9,1,9",7.40468898309817e-06,0.243
105,"SE","lnc_RNA:Solyc04r022210.1","-",55822245,55822602,"45,33,27","0,0,0","34,8,82","9,1,9",2.94743706375322e-06,0.242
105,"SE","lnc_RNA:Solyc04r022210.1","-",55822272,55822602,"45,20,27","0,0,0","34,13,56","9,1,9",2.16807316409437e-06,0.241
105,"SE","lnc_RNA:Solyc04r022210.1","-",55822215,55822602,"73,41,93","0,0,0","35,10,69","9,1,9",5.39683198131682e-08,0.238
105,"SE","lnc_RNA:Solyc04r022210.1","-",55822242,55822602,"48,20,27","0,0,0","35,16,57","9,1,9",3.19738419664239e-06,0.23
105,"SE","lnc_RNA:Solyc04r022210.1","-",55822113,55822602,"45,20,50","0,0,0","62,8,56","9,1,9",1.23063842558143e-06,0.223
105,"SE","lnc_RNA:Solyc04r022210.1","-",55822182,55822362,"30,40,64","0,0,0","70,86,26","9,1,9",5.56600454084463e-05,0.212
105,"SE","lnc_RNA:Solyc04r022210.1","-",55822182,55822392,"26,33,64","0,0,0","76,85,25","9,1,9",8.68340914422228e-05,0.211
105,"SE","lnc_RNA:Solyc04r022210.1","-",55822182,55822662,"26,32,62","0,0,0","76,86,27","9,1,9",8.99148651792874e-05,0.205
105,"SE","lnc_RNA:Solyc04r022210.1","-",55822182,55822482,"31,47,69","0,0,0","79,86,32","9,1,9",5.11902908883271e-05,0.19
105,"SE","lnc_RNA:Solyc04r022210.1","-",55822182,55822542,"47,41,75","0,0,0","85,86,38","9,1,9",4.20431838440619e-05,0.173
105,"SE","lnc_RNA:Solyc04r022210.1","-",55822182,55822422,"28,33,62","0,0,0","83,95,41","9,1,9",0.000118328747194748,0.168
105,"SE","lnc_RNA:Solyc04r022210.1","-",55822149,55822602,"262,103,286","0,0,0","287,8,58","9,1,9",2.89283777832006e-06,0.165
105,"SE","lnc_RNA:Solyc04r022210.1","-",55822182,55822602,"71,52,89","0,0,0","104,93,81","9,1,9",5.69465476077619e-05,0.117
105,"SE","lnc_RNA:Solyc04r022210.1","-",55822755,55822842,"124,171,156","0,0,0","58,111,89","9,1,9",3.27610424656816e-06,0.116
105,"SE","lnc_RNA:Solyc04r022210.1","-",55822305,55822782,"106,138,96","0,0,0","119,179,76","9,1,9",6.64737062651729e-05,0.111
105,"SE","lnc_RNA:Solyc04r022210.1","-",55822392,55822782,"103,145,96","0,0,0","119,179,76","9,1,9",6.41902146552508e-05,0.111
105,"SE","lnc_RNA:Solyc04r022210.1","-",55822482,55822782,"103,138,96","0,0,0","119,181,76","9,1,9",7.09982196021867e-05,0.111
105,"SE","lnc_RNA:Solyc04r022210.1","-",55822515,55822782,"103,138,96","0,0,0","119,179,76","9,1,9",6.88460430341786e-05,0.111
105,"SE","lnc_RNA:Solyc04r022210.1","-",55822362,55822782,"103,173,128","0,0,0","119,179,78","9,1,9",3.60442361966089e-05,0.11
105,"SE","lnc_RNA:Solyc04r022210.1","-",55822422,55822782,"103,138,96","0,0,0","124,179,76","9,1,9",7.62574345721876e-05,0.11
105,"SE","lnc_RNA:Solyc04r022210.1","-",55822635,55822782,"103,137,96","0,0,0","119,174,79","9,1,9",6.88460430341786e-05,0.109
105,"SE","lnc_RNA:Solyc04r022210.1","-",55822602,55822782,"103,138,96","0,0,0","119,179,90","9,1,9",8.73067073735783e-05,0.103
