"time","event","gene_id","strand","l_ES","l_EE","s_ES","s_EE","I_S1","S_S1","I_S2","S_S2","FDR","dPSI"
15,"A5SS","Solyc01g010290.4","-",5114878,5116036,5115878,5116036,"107,108,105","7,15,0","112,95,129","0,0,0",2.68979743245525e-05,-0.111
20,"A5SS","Solyc01g010290.4","-",5114878,5116036,5115878,5116036,"132,120,87","10,0,11","108,95,145","0,1,0",0.000177398336757055,-0.104
30,"A5SS","Solyc01g010290.4","-",5114878,5116036,5115878,5116036,"113,104,114","10,14,0","69,96,70","0,0,0",7.34595876987731e-05,-0.121
60,"A5SS","Solyc01g058260.4","-",59099037,59099412,59099308,59099412,"107,88,28","95,107,43","2,15,17","46,48,38",0.000118792277322444,0.186
70,"A5SS","Solyc01g058260.4","-",59099084,59099412,59099308,59099412,"84,86,28","55,105,47","7,7,10","37,41,43",4.74617424443181e-06,0.228
80,"A5SS","Solyc01g058260.4","-",59099037,59099412,59099308,59099412,"30,32,59","44,39,48","11,5,9","68,54,87",3.96876975729609e-13,0.253
90,"A5SS","Solyc01g058260.4","-",59099228,59099412,59099308,59099412,"26,44,31","34,30,75","7,4,5","108,43,84",1.30802993436288e-10,0.299
90,"A5SS","Solyc01g058260.4","-",59099084,59099412,59099354,59099412,"59,76,84","12,11,5","26,23,32","8,19,14",0.00933912814319646,0.284
90,"A5SS","Solyc01g058260.4","-",59099228,59099412,59099354,59099412,"58,78,84","12,11,5","26,23,32","8,19,14",0.00858998041964517,0.277
90,"A5SS","Solyc01g058260.4","-",59099084,59099412,59099308,59099412,"27,42,31","34,30,75","7,4,5","108,43,84",1.15653112087104e-11,0.254
105,"A5SS","Solyc01g058260.4","-",59099228,59099412,59099308,59099412,"45,39,25","52,54,38","11,15,5","80,73,67",1.14188288454407e-10,0.245
105,"A5SS","Solyc01g058260.4","-",59099084,59099412,59099308,59099412,"46,39,25","52,54,38","10,15,6","80,73,67",8.8015428278895e-11,0.208
120,"A5SS","Solyc01g058260.4","-",59099228,59099412,59099308,59099412,"12,51,18","21,70,12","8,11,8","81,80,71",1.1797798373325e-07,0.292
120,"A5SS","Solyc01g058260.4","-",59099084,59099412,59099308,59099412,"12,52,17","21,70,12","7,11,8","81,80,71",1.4624368980212e-08,0.25
15,"A5SS","Solyc01g101090.3","+",83214249,83214460,83214249,83214346,"59,65,69","133,133,122","24,15,19","129,121,128",1.28232507945675e-08,0.141
20,"A5SS","Solyc01g101090.3","+",83214249,83214460,83214249,83214346,"87,66,70","131,102,151","22,25,20","124,147,100",8.09035556009342e-09,0.156
25,"A5SS","Solyc01g101090.3","+",83214249,83214460,83214249,83214346,"79,101,89","148,142,154","14,14,19","102,127,113",0,0.183
30,"A5SS","Solyc01g101090.3","+",83214249,83214460,83214249,83214346,"88,61,120","140,147,119","27,15,18","79,99,84",0.000219328824935195,0.156
40,"A5SS","Solyc01g101090.3","+",83214249,83214460,83214249,83214346,"109,74,81","137,175,145","36,23,17","141,103,109",6.85198005192703e-06,0.142
60,"A5SS","Solyc01g101090.3","+",83214249,83214460,83214249,83214346,"79,85,25","183,192,135","20,12,19","142,152,139",5.75972900759427e-06,0.101
70,"A5SS","Solyc01g110480.4","+",89525866,89526203,89525866,89525999,"15,30,23","0,0,0","14,16,12","4,1,13",1.18674686184813e-05,0.386
105,"A5SS","Solyc01g110480.4","+",89525874,89526169,89525874,89525999,"337,341,243","0,0,3","251,272,304","18,21,13",2.96330211830968e-11,0.105
120,"A5SS","Solyc01g110480.4","+",89525874,89526169,89525874,89525999,"220,532,202","0,6,0","307,230,233","26,21,26",0,0.153
80,"A5SS","Solyc02g005180.3","+",6943160,6943310,6943160,6943223,"56,62,66","1,0,0","39,42,26","13,3,0",0.000662444820430087,0.14
90,"A5SS","Solyc02g005180.3","+",6943160,6943310,6943160,6943223,"33,43,37","0,0,0","48,32,79","6,10,9",2.49323536552336e-06,0.216
120,"A5SS","Solyc02g005180.3","+",6943160,6943310,6943160,6943223,"52,47,44","0,1,0","45,26,23","15,9,11",6.83102697214532e-12,0.366
120,"A5SS","Solyc02g005180.3","+",6944498,6944868,6944498,6944713,"72,107,88","8,23,21","52,52,25","51,22,24",0.000311747906320248,0.324
80,"A5SS","Solyc02g071860.4","-",39223113,39223372,39223176,39223372,"4,5,8","118,143,148","45,28,37","156,156,146",2.96070223894057e-10,-0.116
90,"A5SS","Solyc02g071860.4","-",39223113,39223372,39223176,39223372,"5,3,5","136,131,156","56,50,46","218,151,178",0,-0.144
105,"A5SS","Solyc02g071860.4","-",39223113,39223372,39223176,39223372,"7,8,4","149,156,183","66,52,63","180,257,233",0,-0.136
120,"A5SS","Solyc02g071860.4","-",39223113,39223372,39223176,39223372,"3,1,5","113,135,122","70,53,33","201,154,209",0,-0.147
10,"A5SS","Solyc02g079060.3","-",41672187,41672600,41672550,41672600,"4,2,3","0,1,0","0,3,0","1,2,1",0.000180118563115668,0.69
30,"A5SS","Solyc02g079060.3","-",41674530,41674651,41674626,41674651,"12,9,4","1,0,0","5,2,9","4,2,5",0.000104774146563483,0.515
40,"A5SS","Solyc02g079060.3","-",41672550,41673005,41672822,41673005,"1,1,0","0,3,4","4,1,2","0,0,0",2.6918829678421e-06,-0.619
50,"A5SS","Solyc02g079060.3","-",41672522,41673005,41672822,41673005,"0,0,1","7,3,4","6,6,2","2,5,0",0.000222722813837228,-0.621
105,"A5SS","Solyc02g079060.3","-",41672522,41672600,41672550,41672600,"8,5,16","4,0,0","3,2,0","3,7,7",9.49844007580844e-05,0.659
10,"A5SS","Solyc02g080780.3","-",42899518,42899666,42899626,42899666,"51,39,25","29,32,27","12,8,18","34,36,32",0.000795277836389803,0.246
15,"A5SS","Solyc02g080780.3","-",42898408,42898528,42898422,42898528,"67,55,73","0,1,3","58,46,74","14,15,3",4.93113683886187e-05,0.15
90,"A5SS","Solyc03g007570.2","-",2156052,2156365,2156134,2156365,"0,0,2","5,9,11","14,6,9","13,13,10",0.000131568915272319,-0.3
105,"A5SS","Solyc03g007570.2","-",2156052,2156365,2156134,2156365,"1,0,0","3,3,9","15,15,8","0,8,19",5.80555954961683e-05,-0.528
120,"A5SS","Solyc03g007570.2","-",2156052,2156365,2156269,2156365,"0,1,1","4,1,4","15,4,18","7,2,10",0.000830636609090169,-0.349
25,"A5SS","Solyc03g093450.3","+",49293438,49293632,49293438,49293507,"15,31,38","12,0,0","23,13,18","22,45,27",0.000303068520014049,0.547
80,"A5SS","Solyc03g093450.3","+",49293438,49293632,49293438,49293507,"17,22,15","6,0,0","12,9,6","19,9,21",1.42008257087594e-05,0.621
90,"A5SS","Solyc03g093450.3","+",49293438,49293632,49293438,49293507,"10,15,8","0,0,0","13,8,10","1,9,29",1.25323459586524e-06,0.547
25,"A5SS","Solyc03g112050.4","+",57017485,57017958,57017485,57017948,"2,2,1","8,12,1","4,1,5","2,0,0",0.000183348072354686,-0.614
40,"A5SS","Solyc03g112050.4","+",57016248,57016581,57016248,57016450,"165,184,205","192,191,303","151,112,73","289,303,281",6.23280442941453e-07,0.138
40,"A5SS","Solyc03g112050.4","+",57016248,57016598,57016248,57016450,"165,184,208","192,191,303","151,112,74","289,303,281",3.62179431445627e-07,0.134
50,"A5SS","Solyc03g112050.4","+",57016248,57016581,57016248,57016450,"138,216,189","188,280,156","126,109,61","290,315,327",2.48557599622764e-09,0.177
50,"A5SS","Solyc03g112050.4","+",57016248,57016598,57016248,57016450,"143,216,197","188,280,156","131,117,65","290,315,327",1.12138845218468e-08,0.17
60,"A5SS","Solyc03g112050.4","+",57016248,57016581,57016248,57016450,"239,211,186","219,319,216","65,107,74","340,389,366",0,0.208
60,"A5SS","Solyc03g112050.4","+",57016248,57016598,57016248,57016450,"239,219,190","219,319,216","71,116,81","340,389,366",0,0.197
70,"A5SS","Solyc03g112050.4","+",57016248,57016581,57016248,57016450,"216,289,163","238,378,223","42,81,88","349,312,288",0,0.191
70,"A5SS","Solyc03g112050.4","+",57016248,57016598,57016248,57016450,"219,289,166","238,378,223","42,90,92","349,312,288",0,0.181
80,"A5SS","Solyc03g112050.4","+",57016248,57016581,57016248,57016450,"201,231,213","227,216,239","70,46,80","427,312,339",0,0.247
80,"A5SS","Solyc03g112050.4","+",57016248,57016598,57016248,57016450,"200,238,213","227,216,239","75,58,82","427,312,339",0,0.233
90,"A5SS","Solyc03g112050.4","+",57016248,57016581,57016248,57016450,"130,189,190","181,180,202","52,53,65","421,370,417",0,0.253
90,"A5SS","Solyc03g112050.4","+",57016248,57016598,57016248,57016450,"134,193,196","181,180,202","63,54,74","421,370,417",0,0.243
105,"A5SS","Solyc03g112050.4","+",57016248,57016581,57016248,57016450,"166,201,159","233,275,225","55,61,59","414,368,413",0,0.203
105,"A5SS","Solyc03g112050.4","+",57016248,57016598,57016248,57016450,"172,201,161","233,275,225","60,69,65","414,368,413",0,0.192
105,"A5SS","Solyc03g112050.4","+",57016272,57016767,57016272,57016450,"402,417,405","233,275,225","282,307,300","414,368,413",9.23304642617572e-12,0.185
120,"A5SS","Solyc03g112050.4","+",57016248,57016581,57016248,57016450,"157,201,168","152,246,177","67,30,22","388,317,390",0,0.278
120,"A5SS","Solyc03g112050.4","+",57016248,57016598,57016248,57016450,"159,205,164","152,246,177","71,46,25","388,317,390",0,0.258
90,"A5SS","Solyc03g117420.4","-",61019723,61020053,61020009,61020053,"7,5,5","0,1,0","1,4,0","5,1,3",2.27918802401325e-05,0.652
105,"A5SS","Solyc03g117420.4","-",61019756,61020053,61020009,61020053,"3,5,9","0,5,0","0,0,0","4,6,7",1.76580922701346e-07,0.778
105,"A5SS","Solyc03g117420.4","-",61019723,61020053,61020009,61020053,"3,5,9","0,5,0","3,0,0","4,6,7",0.000333371871954311,0.687
70,"A5SS","Solyc04g006970.4","-",707918,708267,708018,708267,"5,8,6","56,125,79","23,31,19","84,54,78",4.73499291590233e-06,-0.131
80,"A5SS","Solyc04g006970.4","-",707918,708267,708018,708267,"5,4,2","90,79,49","28,33,36","110,80,92",2.4266459038346e-09,-0.145
90,"A5SS","Solyc04g006970.4","-",707918,708267,708018,708267,"3,2,2","62,70,46","19,33,40","64,106,94",6.43661854584683e-10,-0.147
105,"A5SS","Solyc04g006970.4","-",707918,708267,708018,708267,"0,1,1","51,64,57","43,38,56","99,72,103",0,-0.224
120,"A5SS","Solyc04g006970.4","-",707918,708267,708018,708267,"1,0,1","56,28,49","47,43,28","141,68,76",2.49595216291049e-13,-0.2
105,"A5SS","Solyc04g081260.3","+",63252971,63253282,63252971,63253262,"0,2,5","27,39,48","7,10,16","18,12,16",7.83432515697271e-07,-0.34
120,"A5SS","Solyc04g081260.3","+",63253195,63253282,63253195,63253262,"2,5,0","25,18,16","20,23,6","22,16,12",0.000161253184974237,-0.349
80,"A5SS","Solyc05g052450.3","-",62063329,62063615,62063342,62063615,"0,2,0","1,3,1","1,1,2","0,1,0",0.000136550221208737,-0.7
90,"A5SS","Solyc05g052450.3","-",62061717,62061889,62061743,62061889,"1,1,1","6,7,8","7,5,7","2,2,0",3.0939187997329e-06,-0.7
60,"A5SS","Solyc05g052630.4","-",62241032,62241371,62241337,62241371,"9,9,6","0,0,0","6,13,17","11,5,0",0.000597259593755926,0.407
80,"A5SS","Solyc05g052630.4","-",62241032,62241368,62241337,62241368,"4,16,6","0,0,0","9,11,17","8,8,5",8.42434382365785e-07,0.534
90,"A5SS","Solyc05g052630.4","-",62240712,62241130,62241032,62241130,"127,89,92","2,6,0","112,121,190","15,14,26",7.95686468258344e-05,0.155
105,"A5SS","Solyc05g052630.4","-",62241032,62241371,62241337,62241371,"16,4,13","4,0,8","12,29,23","0,0,0",9.60146335772042e-05,-0.295
90,"A5SS","Solyc05g054150.3","+",63491212,63491562,63491212,63491376,"2,8,12","0,0,1","2,6,6","2,4,1",0.000653803813072944,0.448
105,"A5SS","Solyc05g054150.3","+",63491239,63491562,63491239,63491376,"9,6,14","0,0,0","1,10,7","4,1,3",3.89740912390203e-05,0.506
15,"A5SS","Solyc06g036720.4","+",25113465,25113625,25113465,25113621,"37,51,24","87,32,86","67,66,44","12,33,2",0.000202650727574126,-0.449
20,"A5SS","Solyc06g036720.4","+",25113465,25113631,25113465,25113621,"0,0,0","17,34,38","1,3,6","1,7,2",4.66484083194464e-06,-0.503
20,"A5SS","Solyc06g036720.4","+",25113465,25113625,25113465,25113621,"40,59,42","17,34,38","52,71,46","1,7,2",1.93554378873603e-10,-0.335
50,"A5SS","Solyc06g036720.4","+",25113465,25113625,25113465,25113621,"35,59,64","1,2,2","62,74,61","42,52,37",0,0.373
105,"A5SS","Solyc06g036720.4","+",25113465,25113625,25113465,25113621,"54,37,66","0,1,14","57,75,64","19,97,40",8.51513357777975e-06,0.337
105,"A5SS","Solyc06g053790.3","+",34440129,34440243,34440129,34440159,"5,0,0","17,9,17","12,4,4","10,5,3",0.000458395648774406,-0.358
120,"A5SS","Solyc06g053790.3","+",34440129,34440243,34440129,34440159,"0,3,0","22,13,12","13,12,3","7,5,10",3.68571943203473e-05,-0.393
70,"A5SS","Solyc06g074630.4","-",43833202,43833594,43833480,43833594,"11,11,14","0,0,0","24,17,21","0,2,6",0.00581090090779606,0.185
90,"A5SS","Solyc06g074630.4","-",43833202,43833594,43833480,43833594,"18,6,20","0,0,0","12,12,9","5,4,5",3.35107620153183e-07,0.46
105,"A5SS","Solyc06g074630.4","-",43833202,43833594,43833480,43833594,"21,9,16","0,0,0","10,14,17","6,3,5",1.15268617526145e-06,0.405
120,"A5SS","Solyc06g074630.4","-",43833202,43833594,43833480,43833594,"13,11,10","0,0,0","6,11,3","6,6,3",9.55702757409122e-09,0.619
105,"A5SS","Solyc06g083800.4","-",46692423,46692761,46692670,46692761,"0,0,0","9,5,5","4,2,2","0,1,1",9.96429709517993e-07,-0.667
120,"A5SS","Solyc06g083800.4","-",46692423,46692761,46692670,46692761,"0,0,0","7,2,2","5,2,3","4,1,4",0.000124679963322012,-0.386
50,"A5SS","Solyc07g005240.4","-",202036,202224,202112,202224,"0,0,0","6,2,2","5,13,2","11,2,4",6.56725792597843e-05,-0.43
90,"A5SS","Solyc07g005240.4","-",202036,202436,202277,202436,"5,4,7","0,0,0","0,4,6","5,0,8",8.72549816645341e-05,0.576
90,"A5SS","Solyc07g005240.4","-",202112,202436,202277,202436,"11,7,17","0,0,0","19,7,11","5,0,8",0.000202907435704997,0.313
105,"A5SS","Solyc07g005240.4","-",202112,202436,202318,202436,"20,12,18","0,0,0","28,15,16","4,10,1",6.77584371407667e-05,0.301
105,"A5SS","Solyc07g005240.4","-",202112,202436,202277,202436,"12,10,13","0,0,0","19,9,8","6,1,1",0.000367275050795332,0.256
40,"A5SS","Solyc07g032740.4","-",40905316,40905675,40905567,40905675,"5,5,4","0,0,0","25,41,35","6,7,2",0.000952244866791996,0.227
90,"A5SS","Solyc07g032740.4","-",40906317,40906408,40906326,40906408,"5,10,12","0,0,0","3,15,14","2,3,3",0.00401432333010467,0.258
105,"A5SS","Solyc07g032740.4","-",40905316,40905675,40905567,40905675,"7,13,8","0,0,0","30,33,35","7,6,2",0.000298729573975026,0.229
120,"A5SS","Solyc07g032740.4","-",40906255,40906408,40906317,40906408,"24,33,21","0,0,1","49,44,57","9,5,3",0.00217105915920303,0.117
60,"A5SS","Solyc07g053450.4","-",61821902,61822206,61822130,61822206,"7,3,5","3,2,0","0,0,2","1,6,6",0.000519998353698615,0.608
80,"A5SS","Solyc07g053450.4","-",61821906,61822221,61822130,61822221,"80,90,66","0,0,0","100,63,69","11,5,8",5.72674326661012e-07,0.168
90,"A5SS","Solyc07g053450.4","-",61821906,61822206,61822130,61822206,"86,72,99","1,1,2","81,70,125","9,5,14",0.000282278485792827,0.134
120,"A5SS","Solyc07g053450.4","-",61821906,61822206,61822130,61822206,"50,61,50","0,0,0","67,66,65","8,11,10",6.38538443453641e-08,0.226
105,"A5SS","Solyc08g069231.1","+",56411713,56412200,56411713,56411761,"121,83,74","0,0,0","86,270,106","13,10,0",0.000308536191139888,0.1
120,"A5SS","Solyc08g069231.1","+",56411713,56412200,56411713,56411761,"84,50,56","0,0,2","98,71,76","6,10,7",0.000173467832314473,0.139
50,"A5SS","Solyc08g078300.4","-",60211789,60212240,60211929,60212240,"5,5,2","0,0,0","5,10,1","2,2,3",0.00016062790523675,0.523
105,"A5SS","Solyc08g078300.4","-",60211789,60212240,60211929,60212240,"2,1,4","0,0,0","3,3,4","3,2,5",7.19775933844372e-08,0.644
120,"A5SS","Solyc08g078300.4","-",60211789,60212238,60211929,60212238,"7,2,2","0,0,0","6,3,5","5,5,6",2.75609111310964e-08,0.694
25,"A5SS","Solyc08g082940.2","+",63734707,63734838,63734707,63734712,"11,3,5","0,0,0","0,8,2","3,4,2",2.52912373514334e-07,0.71
30,"A5SS","Solyc08g082940.2","+",63734707,63734838,63734707,63734712,"6,8,6","0,0,0","0,3,5","10,4,0",9.17718146552483e-05,0.57
20,"A5SS","Solyc09g007280.4","+",895671,896105,895671,895743,"9,3,6","0,0,0","2,4,4","1,5,3",2.24600392507138e-07,0.605
20,"A5SS","Solyc09g007280.4","+",895671,896122,895671,895743,"9,3,5","0,0,0","3,6,6","1,5,3",2.4518074478793e-06,0.508
40,"A5SS","Solyc09g007280.4","+",895671,896142,895671,895743,"4,6,7","1,0,0","0,2,0","3,5,4",1.97457687700948e-09,0.833
40,"A5SS","Solyc09g007280.4","+",895671,896122,895671,895743,"4,6,12","1,0,0","0,6,0","3,5,4",7.08301404830879e-07,0.764
40,"A5SS","Solyc09g007280.4","+",895671,896105,895671,895743,"4,6,6","1,0,0","1,2,4","3,5,4",1.03445707786294e-05,0.675
70,"A5SS","Solyc09g007280.4","+",895671,896105,895671,895743,"5,9,5","1,0,1","2,0,4","2,2,5",0.000360789015229362,0.603
90,"A5SS","Solyc09g007280.4","+",895671,896142,895671,895743,"8,7,3","0,1,0","1,0,1","2,5,8",7.35851379830048e-11,0.84
90,"A5SS","Solyc09g007280.4","+",895671,896105,895671,895743,"8,7,3","0,1,0","1,0,9","2,5,8",3.0939187997329e-06,0.739
90,"A5SS","Solyc09g007280.4","+",895671,896122,895671,895743,"6,7,3","0,1,0","11,1,1","2,5,8",7.33757386259499e-05,0.632
105,"A5SS","Solyc09g007280.4","+",895671,896142,895671,895743,"13,6,6","0,1,0","1,1,7","3,3,5",4.01833949997924e-06,0.684
105,"A5SS","Solyc09g007280.4","+",895671,896122,895671,895743,"12,8,5","0,1,0","1,3,7","3,3,5",9.55024467695044e-06,0.637
105,"A5SS","Solyc09g007280.4","+",895671,896105,895671,895743,"13,6,5","0,1,0","5,1,8","3,3,5",5.75046626960812e-05,0.569
105,"A5SS","Solyc10g007410.4","-",1656274,1656401,1656322,1656401,"29,42,17","6,6,5","45,55,51","2,0,1",0.000156968517307258,-0.191
120,"A5SS","Solyc10g007410.4","-",1656274,1656401,1656322,1656401,"24,22,10","6,6,1","45,52,40","0,0,3",0.000654923823043978,-0.18
25,"A5SS","Solyc10g074900.2","-",57653353,57653770,57653699,57653770,"18,23,19","1,0,0","29,26,30","2,8,9",0.000285426278672298,0.259
20,"A5SS","Solyc10g086690.3","+",64606835,64607029,64606835,64606925,"32,23,21","47,42,32","0,0,0","5,16,6",4.72230248103403e-07,0.27
25,"A5SS","Solyc10g086690.3","+",64606835,64606925,64606835,64606911,"48,53,42","36,52,55","6,15,6","0,0,0",7.79177994852899e-10,-0.519
30,"A5SS","Solyc10g086690.3","+",64606835,64606925,64606835,64606911,"44,64,96","52,54,99","6,12,8","0,2,0",2.40868705130998e-06,-0.473
15,"A5SS","Solyc11g005790.3","+",658951,659190,658951,659110,"1,1,0","17,39,44","4,16,8","41,51,37",7.78131322078697e-05,-0.1
20,"A5SS","Solyc11g005790.3","+",658951,659190,658951,659110,"0,0,9","74,40,30","23,14,9","34,47,46",0.000706415936805053,-0.139
20,"A5SS","Solyc11g072290.3","-",53552303,53552526,53552520,53552526,"2,0,3","38,30,19","9,8,20","21,28,23",3.15357057765162e-05,-0.168
25,"A5SS","Solyc11g072290.3","-",53552303,53552526,53552520,53552526,"0,0,0","35,32,32","7,9,6","47,30,26",4.93574518169246e-05,-0.101
80,"A5SS","Solyc11g072290.3","-",53552303,53552526,53552520,53552526,"17,11,9","21,22,27","0,1,8","45,40,24",0.000210339576864648,0.159
5,"A5SS","Solyc12g008840.2","+",2233838,2234243,2233838,2233951,"2,6,6","9,6,1","8,11,9","0,0,0",2.19823378045032e-07,-0.606
15,"A5SS","Solyc12g008840.2","+",2233838,2234243,2233838,2233951,"8,12,6","0,0,0","12,0,10","7,9,0",0.000176078727238481,0.513
5,"A5SS","lnc_RNA:Solyc04r022190.1","-",55786943,55787265,55787208,55787265,"165,93,103","727,713,177","125,108,96","0,300,4",0.000323834935460663,-0.563
5,"A5SS","lnc_RNA:Solyc04r022190.1","-",55787031,55787265,55787208,55787265,"206,93,103","727,713,177","125,78,179","0,300,4",0.000639591890056174,-0.554
5,"A5SS","lnc_RNA:Solyc04r022190.1","-",55787100,55787265,55787208,55787265,"461,245,384","727,713,177","166,315,384","0,300,4",0.000127721787891314,-0.456
5,"A5SS","lnc_RNA:Solyc04r022190.1","-",55786943,55787265,55787160,55787265,"154,87,101","24,65,0","121,98,83","0,0,0",1.95687825738148e-05,-0.279
5,"A5SS","lnc_RNA:Solyc04r022190.1","-",55787004,55787265,55787160,55787265,"156,87,101","24,65,0","121,68,83","0,0,0",2.75310111564625e-05,-0.278
5,"A5SS","lnc_RNA:Solyc04r022190.1","-",55787031,55787265,55787160,55787265,"195,87,101","24,65,0","121,68,166","0,0,0",2.49825952494145e-05,-0.256
5,"A5SS","lnc_RNA:Solyc04r022190.1","-",55786977,55787265,55787160,55787265,"154,206,377","24,65,0","121,68,376","0,0,0",6.88988471831262e-08,-0.208
5,"A5SS","lnc_RNA:Solyc04r022190.1","-",55787130,55787265,55787160,55787265,"434,126,443","24,65,0","223,65,426","0,0,0",1.56837868410383e-05,-0.148
5,"A5SS","lnc_RNA:Solyc04r022190.1","-",55787100,55787265,55787160,55787265,"450,239,382","24,65,0","162,305,371","0,0,0",2.90586632904463e-08,-0.115
10,"A5SS","lnc_RNA:Solyc04r022190.1","-",55786923,55787061,55786977,55787061,"225,176,220","228,0,296","145,257,212","0,0,0",4.76660488922866e-07,-0.409
15,"A5SS","lnc_RNA:Solyc04r022190.1","-",55786923,55787142,55786977,55787142,"295,235,202","114,0,0","170,481,252","192,220,245",5.95110364496042e-10,0.405
15,"A5SS","lnc_RNA:Solyc04r022190.1","-",55786943,55787142,55787100,55787142,"568,652,764","167,0,0","756,740,967","117,97,262",6.79954947802725e-06,0.142
15,"A5SS","lnc_RNA:Solyc04r022190.1","-",55786923,55787142,55787100,55787142,"863,887,966","167,0,0","907,1221,1219","117,97,262",4.77814256116095e-07,0.121
15,"A5SS","lnc_RNA:Solyc04r022190.1","-",55786977,55787142,55787100,55787142,"682,652,764","167,0,0","929,960,1212","117,97,262",8.68863554980435e-06,0.106
25,"A5SS","lnc_RNA:Solyc04r022190.1","-",55786977,55787142,55787130,55787142,"744,947,924","346,59,486","730,1133,810","2,249,6",0.000330631175469916,-0.26
25,"A5SS","lnc_RNA:Solyc04r022190.1","-",55786923,55787142,55787130,55787142,"1015,1435,1177","346,59,486","895,1092,1113","2,249,6",0.000752916398438041,-0.202
25,"A5SS","lnc_RNA:Solyc04r022190.1","-",55787100,55787265,55787160,55787265,"81,431,482","0,0,176","395,375,63","0,0,0",0.000934330719808434,-0.113
30,"A5SS","lnc_RNA:Solyc04r022190.1","-",55786943,55787142,55787031,55787142,"386,671,675","0,138,152","736,758,487","0,0,0",0,-0.17
30,"A5SS","lnc_RNA:Solyc04r022190.1","-",55787001,55787142,55787031,55787142,"280,524,495","0,138,152","542,548,333","0,0,0",0,-0.17
30,"A5SS","lnc_RNA:Solyc04r022190.1","-",55786923,55787142,55787031,55787142,"514,901,943","0,138,152","885,913,574","0,0,0",0,-0.142
30,"A5SS","lnc_RNA:Solyc04r022190.1","-",55786977,55787142,55787031,55787142,"480,915,675","0,138,152","736,860,465","0,0,0",0,-0.135
30,"A5SS","lnc_RNA:Solyc04r022190.1","-",55786943,55787142,55787001,55787142,"106,178,200","0,31,20","194,211,154","0,1,0",1.44407652502613e-09,-0.103
40,"A5SS","lnc_RNA:Solyc04r022190.1","-",55787208,55787265,55787238,55787265,"694,342,46","33,186,0","814,47,337","0,0,0",1.18949362462317e-07,-0.15
50,"A5SS","lnc_RNA:Solyc04r022190.1","-",55787001,55787142,55787031,55787142,"437,511,470","57,0,94","389,724,438","0,0,0",0,-0.11
50,"A5SS","lnc_RNA:Solyc04r022190.1","-",55786943,55787142,55787031,55787142,"631,663,695","57,0,94","556,1157,610","0,0,0",0,-0.101
5,"A5SS","lnc_RNA:Solyc04r022200.1","-",55809591,55809763,55809736,55809763,"219,129,117","33,21,15","160,170,180","0,1,0",0,-0.221
5,"A5SS","lnc_RNA:Solyc04r022200.1","-",55809499,55809763,55809547,55809763,"59,1,22","9,0,11","158,21,22","3,0,0",0.000179445158416361,-0.181
5,"A5SS","lnc_RNA:Solyc04r022200.1","-",55809577,55809763,55809736,55809763,"569,169,211","33,21,15","274,359,239","0,1,0",0,-0.14
10,"A5SS","lnc_RNA:Solyc04r022200.1","-",55809357,55809373,55809361,55809373,"17,25,23","1,8,164","7,11,9","0,0,0",0.00022525959713133,-0.395
10,"A5SS","lnc_RNA:Solyc04r022200.1","-",55809361,55809763,55809499,55809763,"1,8,164","25,5,69","0,0,0","11,93,11",4.43572529783696e-07,0.342
10,"A5SS","lnc_RNA:Solyc04r022200.1","-",55809361,55809472,55809391,55809472,"1,8,164","28,28,72","0,0,0","69,19,32",2.86145291988387e-05,0.292
10,"A5SS","lnc_RNA:Solyc04r022200.1","-",55809421,55809763,55809577,55809763,"1,92,104","148,52,70","0,12,0","82,150,34",0.0001767291484853,0.287
10,"A5SS","lnc_RNA:Solyc04r022200.1","-",55809361,55809763,55809577,55809763,"1,8,164","148,52,70","0,0,0","82,150,34",0.000446809172258717,0.204
10,"A5SS","lnc_RNA:Solyc04r022200.1","-",55809481,55809763,55809529,55809763,"373,280,407","0,0,0","191,280,223","30,0,30",0,0.108
15,"A5SS","lnc_RNA:Solyc04r022200.1","-",55809781,55809841,55809811,55809841,"3,5,9","0,0,1","14,4,8","48,43,1",5.00110465571905e-05,0.582
15,"A5SS","lnc_RNA:Solyc04r022200.1","-",55809421,55809763,55809499,55809763,"14,8,12","86,113,55","43,93,62","12,25,80",6.82501805071522e-10,-0.494
15,"A5SS","lnc_RNA:Solyc04r022200.1","-",55809736,55809841,55809811,55809841,"46,61,54","0,0,1","39,24,38","48,43,1",3.11598775339605e-06,0.463
15,"A5SS","lnc_RNA:Solyc04r022200.1","-",55809421,55809763,55809577,55809763,"14,8,12","29,82,74","43,93,62","59,202,55",0.000109318507372356,-0.166
15,"A5SS","lnc_RNA:Solyc04r022200.1","-",55809577,55809763,55809736,55809763,"208,242,194","23,14,19","194,365,237","0,0,0",0,-0.15
20,"A5SS","lnc_RNA:Solyc04r022200.1","-",55809421,55809763,55809499,55809763,"0,0,0","32,148,65","13,38,62","136,0,41",4.72230248103403e-07,-0.519
20,"A5SS","lnc_RNA:Solyc04r022200.1","-",55809391,55809763,55809421,55809763,"5,52,47","0,0,0","100,55,68","13,38,62",2.24309556787401e-09,0.371
20,"A5SS","lnc_RNA:Solyc04r022200.1","-",55809628,55809763,55809736,55809763,"95,83,71","4,1,1","132,77,70","18,9,27",1.97816006697018e-05,0.215
20,"A5SS","lnc_RNA:Solyc04r022200.1","-",55809625,55809763,55809736,55809763,"95,84,72","4,1,1","129,77,83","18,9,27",1.06340203126044e-05,0.205
20,"A5SS","lnc_RNA:Solyc04r022200.1","-",55809583,55809763,55809736,55809763,"242,164,132","4,1,1","254,125,128","18,9,27",1.85401462478878e-07,0.163
20,"A5SS","lnc_RNA:Solyc04r022200.1","-",55809574,55809763,55809736,55809763,"251,144,132","4,1,1","254,126,128","18,9,27",2.48458144470979e-07,0.162
20,"A5SS","lnc_RNA:Solyc04r022200.1","-",55809421,55809763,55809577,55809763,"0,0,0","94,141,22","13,38,62","123,282,53",5.92915446654272e-09,-0.161
20,"A5SS","lnc_RNA:Solyc04r022200.1","-",55809577,55809763,55809736,55809763,"336,285,154","4,1,1","377,407,181","18,9,27",4.64055738924156e-06,0.105
25,"A5SS","lnc_RNA:Solyc04r022200.1","-",55809736,55809841,55809811,55809841,"39,64,60","0,0,1","63,49,43","81,4,63",3.28954413708379e-08,0.477
25,"A5SS","lnc_RNA:Solyc04r022200.1","-",55809739,55809841,55809811,55809841,"30,52,30","0,0,1","84,49,34","81,4,63",3.76147182290565e-07,0.461
25,"A5SS","lnc_RNA:Solyc04r022200.1","-",55809391,55809763,55809577,55809763,"2,0,138","88,337,322","79,48,75","44,78,162",1.16746438338918e-07,-0.236
30,"A5SS","lnc_RNA:Solyc04r022200.1","-",55809391,55809763,55809421,55809763,"50,0,0","47,53,27","96,74,51","8,0,63",4.00206193855387e-06,-0.614
30,"A5SS","lnc_RNA:Solyc04r022200.1","-",55809421,55809763,55809547,55809763,"47,53,27","0,0,2","8,0,63","19,15,0",0.000513287539897797,0.565
30,"A5SS","lnc_RNA:Solyc04r022200.1","-",55809391,55809763,55809577,55809763,"50,0,0","167,357,119","96,74,51","116,185,63",0,-0.206
40,"A5SS","lnc_RNA:Solyc04r022200.1","-",55809361,55809763,55809421,55809763,"118,59,124","21,9,43","0,35,70","98,51,152",0,0.574
40,"A5SS","lnc_RNA:Solyc04r022200.1","-",55809421,55809763,55809547,55809763,"21,9,43","20,29,1","98,51,152","0,1,2",1.60372570079936e-05,-0.492
40,"A5SS","lnc_RNA:Solyc04r022200.1","-",55809361,55809763,55809499,55809763,"118,59,124","40,12,58","0,35,70","29,110,70",7.08301404830879e-07,0.455
40,"A5SS","lnc_RNA:Solyc04r022200.1","-",55809499,55809763,55809547,55809763,"40,12,58","20,29,1","29,110,70","0,1,2",0.000159122835226115,-0.378
40,"A5SS","lnc_RNA:Solyc04r022200.1","-",55809391,55809763,55809421,55809763,"63,41,87","21,9,43","89,27,111","98,51,152",1.85353402004575e-06,0.339
40,"A5SS","lnc_RNA:Solyc04r022200.1","-",55809391,55809763,55809547,55809763,"63,41,87","20,29,1","89,27,111","0,1,2",0.000156015372018061,-0.297
40,"A5SS","lnc_RNA:Solyc04r022200.1","-",55809421,55809763,55809577,55809763,"21,9,43","318,52,94","98,51,152","86,164,69",0.000387183946113674,-0.241
40,"A5SS","lnc_RNA:Solyc04r022200.1","-",55809547,55809763,55809577,55809763,"20,29,1","318,52,94","0,1,2","86,164,69",8.89223725227814e-05,0.116
50,"A5SS","lnc_RNA:Solyc04r022200.1","-",55809625,55809763,55809736,55809763,"69,101,83","0,1,0","67,138,120","16,24,23",2.66655384642951e-13,0.254
50,"A5SS","lnc_RNA:Solyc04r022200.1","-",55809583,55809763,55809736,55809763,"113,189,184","0,1,0","137,221,180","16,24,23",0,0.187
50,"A5SS","lnc_RNA:Solyc04r022200.1","-",55809597,55809763,55809736,55809763,"124,189,184","0,1,0","125,221,180","16,24,23",0,0.186
50,"A5SS","lnc_RNA:Solyc04r022200.1","-",55809577,55809763,55809736,55809763,"167,269,263","0,1,0","176,321,441","16,24,23",7.33302307765913e-12,0.124
60,"A5SS","lnc_RNA:Solyc04r022200.1","-",55809361,55809763,55809469,55809763,"44,0,184","1,61,0","0,0,0","31,45,5",1.19995202301086e-06,0.654
60,"A5SS","lnc_RNA:Solyc04r022200.1","-",55809361,55809763,55809499,55809763,"44,0,184","138,111,0","0,0,0","7,34,14",0.000986756269442388,0.381
60,"A5SS","lnc_RNA:Solyc04r022200.1","-",55809361,55809763,55809577,55809763,"44,0,184","96,65,54","0,0,0","53,189,271",1.57019054862795e-05,0.272
70,"A5SS","lnc_RNA:Solyc04r022200.1","-",55809781,55809841,55809811,55809841,"8,8,18","0,3,0","4,1,9","73,38,2",2.43944799776963e-05,0.612
70,"A5SS","lnc_RNA:Solyc04r022200.1","-",55809736,55809841,55809811,55809841,"74,76,44","0,3,0","30,35,66","73,38,2",2.40619865994333e-05,0.464
70,"A5SS","lnc_RNA:Solyc04r022200.1","-",55809391,55809763,55809547,55809763,"75,91,27","0,36,10","45,52,54","0,1,0",5.84995706423236e-05,-0.277
70,"A5SS","lnc_RNA:Solyc04r022200.1","-",55809421,55809763,55809547,55809763,"159,79,45","0,36,10","24,113,1","0,1,0",0.000259252847649331,-0.244
80,"A5SS","lnc_RNA:Solyc04r022200.1","-",55809391,55809763,55809469,55809763,"79,168,26","0,1,37","47,31,86","102,42,64",0.000755202221645803,0.427
80,"A5SS","lnc_RNA:Solyc04r022200.1","-",55809469,55809763,55809499,55809763,"0,1,37","1,224,161","102,42,64","130,55,33",1.24114254227675e-11,-0.412
80,"A5SS","lnc_RNA:Solyc04r022200.1","-",55809469,55809763,55809577,55809763,"0,1,37","141,77,110","102,42,64","45,49,117",9.28692123202586e-09,-0.324
80,"A5SS","lnc_RNA:Solyc04r022200.1","-",55809590,55809763,55809736,55809763,"291,197,180","33,18,10","204,128,191","4,0,8",0.000207274110146197,-0.107
90,"A5SS","lnc_RNA:Solyc04r022200.1","-",55809703,55809763,55809736,55809763,"41,46,44","0,3,0","26,30,27","11,11,13",1.10513846461489e-09,0.315
90,"A5SS","lnc_RNA:Solyc04r022200.1","-",55809625,55809763,55809736,55809763,"130,145,159","0,3,0","98,101,109","11,11,13",3.54016304076554e-09,0.154
105,"A5SS","lnc_RNA:Solyc04r022200.1","-",55809421,55809763,55809547,55809763,"98,7,9","28,10,31","59,123,115","1,5,6",3.04912223489038e-08,-0.582
105,"A5SS","lnc_RNA:Solyc04r022200.1","-",55809469,55809763,55809547,55809763,"2,6,19","28,10,31","23,25,11","1,5,6",2.55129171102818e-05,-0.545
105,"A5SS","lnc_RNA:Solyc04r022200.1","-",55809391,55809763,55809421,55809763,"108,148,113","98,7,9","54,0,60","59,123,115",2.83653062999704e-06,0.534
105,"A5SS","lnc_RNA:Solyc04r022200.1","-",55809421,55809763,55809577,55809763,"98,7,9","334,137,382","59,123,115","7,120,93",1.064703010098e-08,-0.455
105,"A5SS","lnc_RNA:Solyc04r022200.1","-",55809469,55809763,55809577,55809763,"2,6,19","334,137,382","23,25,11","7,120,93",0.00046200204654955,-0.257
120,"A5SS","lnc_RNA:Solyc04r022200.1","-",55809529,55809841,55809559,55809841,"4,82,39","158,211,218","6,1,7","223,110,140",1.58801937872854e-06,0.108
5,"A5SS","lnc_RNA:Solyc04r022210.1","-",55822305,55822362,55822335,55822362,"5,128,130","0,0,2","104,198,5","56,0,18",0.000556071636246421,0.396
5,"A5SS","lnc_RNA:Solyc04r022210.1","-",55822245,55822362,55822335,55822362,"13,31,175","0,0,2","139,91,162","56,0,18",0.000128955297739266,0.175
5,"A5SS","lnc_RNA:Solyc04r022210.1","-",55822116,55822275,55822182,55822275,"766,729,727","181,66,91","1211,813,1130","20,21,56",0,-0.132
10,"A5SS","lnc_RNA:Solyc04r022210.1","-",55822182,55822305,55822242,55822305,"19,26,64","0,8,9","31,47,23","14,196,127",0.000108202329552606,0.554
10,"A5SS","lnc_RNA:Solyc04r022210.1","-",55822113,55822305,55822242,55822305,"5,32,1","0,8,9","3,0,0","14,196,127",0.000169440375420761,0.545
10,"A5SS","lnc_RNA:Solyc04r022210.1","-",55822752,55822842,55822812,55822842,"15,5,6","1,0,0","4,4,3","12,0,8",0.000774582182849382,0.504
10,"A5SS","lnc_RNA:Solyc04r022210.1","-",55822149,55822305,55822242,55822305,"40,124,508","0,8,9","26,163,210","14,196,127",0,0.5
10,"A5SS","lnc_RNA:Solyc04r022210.1","-",55822752,55823116,55822872,55823116,"3,1,6","0,0,0","5,5,4","2,7,1",4.12946330674089e-06,0.482
10,"A5SS","lnc_RNA:Solyc04r022210.1","-",55822182,55822305,55822215,55822305,"14,24,63","1,0,0","31,47,23","70,103,0",6.29044191217968e-05,0.461
10,"A5SS","lnc_RNA:Solyc04r022210.1","-",55822332,55822392,55822362,55822392,"18,17,3","55,0,3","5,5,17","0,0,0",0.000483697364800899,-0.444
10,"A5SS","lnc_RNA:Solyc04r022210.1","-",55822245,55822482,55822455,55822482,"34,35,138","1,0,0","32,17,41","0,26,35",3.78138848293421e-05,0.443
10,"A5SS","lnc_RNA:Solyc04r022210.1","-",55822782,55823116,55822872,55823116,"3,2,2","0,0,0","5,5,5","2,7,1",2.22594840191625e-05,0.442
10,"A5SS","lnc_RNA:Solyc04r022210.1","-",55822146,55822305,55822242,55822305,"39,3,1","0,8,9","0,0,1","14,196,127",0.000791934745179252,0.415
10,"A5SS","lnc_RNA:Solyc04r022210.1","-",55822149,55822305,55822215,55822305,"35,122,507","1,0,0","26,163,210","70,103,0",1.19816503851246e-05,0.411
10,"A5SS","lnc_RNA:Solyc04r022210.1","-",55822722,55822782,55822755,55822782,"98,40,54","108,38,19","111,81,77","0,25,0",7.56472243512348e-07,-0.379
10,"A5SS","lnc_RNA:Solyc04r022210.1","-",55822335,55822482,55822455,55822482,"34,73,34","1,0,0","43,38,40","0,26,35",5.4084572804322e-05,0.372
10,"A5SS","lnc_RNA:Solyc04r022210.1","-",55822272,55822392,55822362,55822392,"29,18,13","55,0,3","18,17,36","0,0,0",0.000730870723174421,-0.341
10,"A5SS","lnc_RNA:Solyc04r022210.1","-",55822212,55822392,55822362,55822392,"37,18,16","55,0,3","16,26,37","0,0,0",0.000617780710024033,-0.34
10,"A5SS","lnc_RNA:Solyc04r022210.1","-",55822215,55822392,55822362,55822392,"38,18,16","55,0,3","82,121,37","0,0,0",0.000215576118337107,-0.338
10,"A5SS","lnc_RNA:Solyc04r022210.1","-",55822242,55822392,55822362,55822392,"37,26,25","55,0,3","26,214,164","0,0,0",0.000497798308614499,-0.302
10,"A5SS","lnc_RNA:Solyc04r022210.1","-",55822146,55822392,55822362,55822392,"71,18,16","55,0,3","12,18,38","0,0,0",0.000241317444433226,-0.294
10,"A5SS","lnc_RNA:Solyc04r022210.1","-",55822275,55822392,55822362,55822392,"93,18,13","55,0,3","78,16,36","0,0,0",2.41429792926628e-05,-0.251
10,"A5SS","lnc_RNA:Solyc04r022210.1","-",55822455,55822782,55822755,55822782,"375,256,329","108,38,19","236,369,378","0,25,0",7.69800336822937e-07,-0.193
10,"A5SS","lnc_RNA:Solyc04r022210.1","-",55822305,55822482,55822455,55822482,"148,36,131","1,0,0","76,216,111","0,26,35",2.07594562131321e-06,0.189
10,"A5SS","lnc_RNA:Solyc04r022210.1","-",55822575,55822782,55822755,55822782,"374,268,329","108,38,19","238,343,343","0,25,0",3.49826436564947e-06,-0.188
10,"A5SS","lnc_RNA:Solyc04r022210.1","-",55822335,55822782,55822755,55822782,"374,294,353","108,38,19","247,364,343","0,25,0",6.35659277645157e-06,-0.182
10,"A5SS","lnc_RNA:Solyc04r022210.1","-",55822305,55822782,55822755,55822782,"488,257,450","108,38,19","280,542,413","0,25,0",1.78247794549145e-08,-0.176
10,"A5SS","lnc_RNA:Solyc04r022210.1","-",55822635,55822782,55822755,55822782,"392,278,323","108,38,19","233,343,346","0,25,0",1.02511937313061e-06,-0.17
10,"A5SS","lnc_RNA:Solyc04r022210.1","-",55822515,55822782,55822755,55822782,"525,357,436","108,38,19","383,483,464","0,25,0",1.44378779258894e-08,-0.151
10,"A5SS","lnc_RNA:Solyc04r022210.1","-",55822245,55822305,55822275,55822305,"12,1,131","47,598,323","0,3,1","103,387,346",4.73913182201232e-10,0.14
10,"A5SS","lnc_RNA:Solyc04r022210.1","-",55822116,55822305,55822242,55822305,"768,901,949","0,8,9","810,1216,1104","14,196,127",0,0.134
10,"A5SS","lnc_RNA:Solyc04r022210.1","-",55822275,55822662,55822635,55822662,"67,625,356","18,22,0","132,405,372","0,0,3",0.000241317444433226,-0.133
10,"A5SS","lnc_RNA:Solyc04r022210.1","-",55822515,55822662,55822635,55822662,"171,128,140","18,22,0","176,158,147","0,0,3",2.47334241691656e-06,-0.12
15,"A5SS","lnc_RNA:Solyc04r022210.1","-",55822146,55822182,55822149,55822182,"23,26,25","0,148,0","20,4,8","147,18,133",0.00012073760862885,0.598
15,"A5SS","lnc_RNA:Solyc04r022210.1","-",55822146,55822482,55822422,55822482,"8,21,8","13,0,24","21,18,16","0,0,0",5.43297364197375e-05,-0.541
15,"A5SS","lnc_RNA:Solyc04r022210.1","-",55822149,55822482,55822422,55822482,"8,161,8","13,0,24","168,36,149","0,0,0",2.81403819723845e-05,-0.541
15,"A5SS","lnc_RNA:Solyc04r022210.1","-",55822245,55822482,55822422,55822482,"8,13,8","13,0,24","79,18,16","0,0,0",2.26477808732819e-05,-0.541
15,"A5SS","lnc_RNA:Solyc04r022210.1","-",55822113,55822305,55822215,55822305,"35,21,20","0,0,8","0,1,0","39,0,30",2.50305570212512e-05,0.532
15,"A5SS","lnc_RNA:Solyc04r022210.1","-",55822305,55822482,55822422,55822482,"8,13,8","13,0,24","21,18,19","0,0,0",4.33944545381562e-05,-0.529
15,"A5SS","lnc_RNA:Solyc04r022210.1","-",55822332,55822482,55822422,55822482,"8,13,10","13,0,24","21,20,16","0,0,0",4.44238051453035e-05,-0.506
15,"A5SS","lnc_RNA:Solyc04r022210.1","-",55822215,55822482,55822422,55822482,"8,13,16","13,0,24","60,18,46","0,0,0",1.97968059980071e-05,-0.505
15,"A5SS","lnc_RNA:Solyc04r022210.1","-",55822242,55822482,55822422,55822482,"35,13,8","13,0,24","21,18,16","0,0,0",0.000128228861856512,-0.428
15,"A5SS","lnc_RNA:Solyc04r022210.1","-",55822212,55822482,55822422,55822482,"43,17,8","13,0,24","21,18,25","0,0,0",0.000199649029016272,-0.411
15,"A5SS","lnc_RNA:Solyc04r022210.1","-",55822113,55822305,55822182,55822305,"35,18,20","8,27,134","0,1,0","84,39,135",1.20939474175984e-08,0.379
15,"A5SS","lnc_RNA:Solyc04r022210.1","-",55822215,55822305,55822275,55822305,"404,196,246","299,2,75","364,235,167","328,303,307",0.000501727337585643,0.367
15,"A5SS","lnc_RNA:Solyc04r022210.1","-",55822782,55823116,55822842,55823116,"32,4,14","0,0,0","12,7,18","21,0,6",0.000144050557874108,0.343
15,"A5SS","lnc_RNA:Solyc04r022210.1","-",55822113,55822482,55822422,55822482,"43,20,28","13,0,24","21,18,16","0,0,0",6.79036641439949e-05,-0.336
15,"A5SS","lnc_RNA:Solyc04r022210.1","-",55822182,55822482,55822422,55822482,"16,40,142","13,0,24","105,57,151","0,0,0",1.92717326420967e-05,-0.291
15,"A5SS","lnc_RNA:Solyc04r022210.1","-",55822722,55822782,55822755,55822782,"70,35,90","0,0,0","66,66,66","63,22,0",2.36376597295983e-06,0.276
15,"A5SS","lnc_RNA:Solyc04r022210.1","-",55822362,55822482,55822422,55822482,"38,6,66","13,0,24","8,20,12","0,0,0",4.30570100664007e-05,-0.221
15,"A5SS","lnc_RNA:Solyc04r022210.1","-",55822455,55822782,55822722,55822782,"282,225,149","19,0,46","253,198,225","5,0,0",6.48764302811463e-05,-0.154
15,"A5SS","lnc_RNA:Solyc04r022210.1","-",55822362,55822782,55822722,55822782,"275,225,149","19,0,46","214,198,256","5,0,0",6.48764302811463e-05,-0.153
15,"A5SS","lnc_RNA:Solyc04r022210.1","-",55822362,55822782,55822755,55822782,"326,260,193","0,0,0","275,264,322","63,22,0",3.72169199304638e-09,0.152
15,"A5SS","lnc_RNA:Solyc04r022210.1","-",55822335,55822782,55822755,55822782,"363,260,195","0,0,0","284,264,291","63,22,0",1.31350568103373e-09,0.15
15,"A5SS","lnc_RNA:Solyc04r022210.1","-",55822335,55822782,55822722,55822782,"312,225,151","19,0,46","223,198,225","5,0,0",0.000128228861856512,-0.148
15,"A5SS","lnc_RNA:Solyc04r022210.1","-",55822305,55822782,55822722,55822782,"402,418,150","19,0,46","342,202,481","5,0,0",5.00110465571905e-05,-0.146
15,"A5SS","lnc_RNA:Solyc04r022210.1","-",55822455,55822782,55822755,55822782,"333,260,193","0,0,0","314,264,291","63,22,0",7.9765749561029e-10,0.143
15,"A5SS","lnc_RNA:Solyc04r022210.1","-",55822635,55822782,55822755,55822782,"344,260,192","0,0,0","274,263,319","63,22,0",1.30472837079657e-09,0.141
15,"A5SS","lnc_RNA:Solyc04r022210.1","-",55822635,55822782,55822722,55822782,"293,225,148","19,0,46","213,197,253","5,0,0",2.10241315844926e-05,-0.129
15,"A5SS","lnc_RNA:Solyc04r022210.1","-",55822305,55822782,55822755,55822782,"453,453,194","0,0,0","403,268,547","63,22,0",3.46325909127376e-11,0.126
15,"A5SS","lnc_RNA:Solyc04r022210.1","-",55822305,55822782,55822752,55822782,"325,258,193","2,0,0","275,264,293","21,44,0",1.10102953521763e-08,0.123
15,"A5SS","lnc_RNA:Solyc04r022210.1","-",55822332,55822782,55822752,55822782,"325,258,195","2,0,0","275,266,290","21,44,0",1.04889771599459e-08,0.123
15,"A5SS","lnc_RNA:Solyc04r022210.1","-",55822422,55822782,55822752,55822782,"338,258,217","2,0,0","275,264,290","21,44,0",6.70565350373748e-09,0.123
15,"A5SS","lnc_RNA:Solyc04r022210.1","-",55822482,55822782,55822752,55822782,"325,264,193","2,0,0","279,264,290","21,44,0",1.08104300510952e-08,0.123
15,"A5SS","lnc_RNA:Solyc04r022210.1","-",55822722,55822782,55822752,55822782,"64,55,77","0,1,0","85,90,99","31,7,0",0.000109318507372356,0.123
15,"A5SS","lnc_RNA:Solyc04r022210.1","-",55822362,55822782,55822752,55822782,"359,258,253","2,0,0","275,273,290","21,44,0",2.76966005685071e-09,0.122
15,"A5SS","lnc_RNA:Solyc04r022210.1","-",55822515,55822782,55822755,55822782,"405,344,315","0,0,0","367,376,420","63,22,0",3.36143335388963e-10,0.12
15,"A5SS","lnc_RNA:Solyc04r022210.1","-",55822515,55822782,55822722,55822782,"354,309,271","19,0,46","306,310,354","5,0,0",4.27898045288936e-07,-0.106
20,"A5SS","lnc_RNA:Solyc04r022210.1","-",55822146,55822305,55822245,55822305,"4,0,1","0,1,26","2,37,8","0,0,0",0.000551631193539056,-0.659
20,"A5SS","lnc_RNA:Solyc04r022210.1","-",55822113,55822305,55822182,55822305,"49,0,32","14,36,131","0,0,0","45,29,62",0.000714139437802139,0.283
20,"A5SS","lnc_RNA:Solyc04r022210.1","-",55822815,55823116,55822965,55823116,"126,18,103","2,0,0","32,78,142","0,50,11",0.000808585782967962,0.222
20,"A5SS","lnc_RNA:Solyc04r022210.1","-",55822275,55822362,55822335,55822362,"288,172,208","0,6,72","281,459,252","0,0,8",0.000283447961693799,-0.11
20,"A5SS","lnc_RNA:Solyc04r022210.1","-",55822149,55822305,55822245,55822305,"336,23,130","0,1,26","33,86,314","0,0,0",0.000224749703436215,-0.105
25,"A5SS","lnc_RNA:Solyc04r022210.1","-",55822242,55822305,55822275,55822305,"5,3,19","0,0,0","3,4,4","0,36,26",1.51650866118737e-05,0.602
25,"A5SS","lnc_RNA:Solyc04r022210.1","-",55822782,55823116,55822875,55823116,"5,4,7","0,0,0","5,2,6","0,3,65",6.12767082105834e-05,0.552
25,"A5SS","lnc_RNA:Solyc04r022210.1","-",55822242,55822362,55822332,55822362,"14,24,22","0,0,2","3,6,19","10,0,175",0.000484457527712798,0.551
25,"A5SS","lnc_RNA:Solyc04r022210.1","-",55822113,55822362,55822332,55822362,"28,32,29","0,0,2","3,7,44","10,0,175",0.000463865916207289,0.546
25,"A5SS","lnc_RNA:Solyc04r022210.1","-",55822149,55822362,55822332,55822362,"119,45,13","0,0,2","3,338,19","10,0,175",0.000698082528600856,0.528
25,"A5SS","lnc_RNA:Solyc04r022210.1","-",55822113,55822305,55822275,55822305,"22,11,26","0,0,0","5,5,29","0,36,26",2.14029170247098e-05,0.526
25,"A5SS","lnc_RNA:Solyc04r022210.1","-",55822113,55822305,55822245,55822305,"18,8,26","0,0,0","2,4,25","0,3,54",6.12767082105834e-05,0.463
25,"A5SS","lnc_RNA:Solyc04r022210.1","-",55822182,55822362,55822332,55822362,"22,41,59","0,0,2","19,30,82","10,0,175",0.000815731270014888,0.42
25,"A5SS","lnc_RNA:Solyc04r022210.1","-",55822182,55822305,55822275,55822305,"13,20,56","0,0,0","21,28,67","0,36,26",3.71603944108859e-05,0.354
25,"A5SS","lnc_RNA:Solyc04r022210.1","-",55822182,55822305,55822245,55822305,"9,17,56","0,0,0","18,27,63","0,3,54",0.000545707680166297,0.229
25,"A5SS","lnc_RNA:Solyc04r022210.1","-",55822116,55822362,55822332,55822362,"583,683,838","0,0,2","789,949,885","10,0,175",6.84991807861301e-06,0.101
30,"A5SS","lnc_RNA:Solyc04r022210.1","-",55822215,55822424,55822422,55822424,"11,52,11","0,0,0","17,8,10","9,0,17",6.60065696333913e-05,0.429
30,"A5SS","lnc_RNA:Solyc04r022210.1","-",55822272,55822424,55822422,55822424,"11,94,11","0,0,0","17,8,10","9,0,17",3.83864646190316e-05,0.429
30,"A5SS","lnc_RNA:Solyc04r022210.1","-",55822275,55822424,55822422,55822424,"63,18,11","0,0,0","17,8,10","9,0,17",5.28456078222771e-05,0.428
30,"A5SS","lnc_RNA:Solyc04r022210.1","-",55822149,55822424,55822422,55822424,"237,18,12","0,0,0","18,8,11","9,0,17",9.01055466253639e-06,0.419
30,"A5SS","lnc_RNA:Solyc04r022210.1","-",55822299,55822424,55822422,55822424,"10,18,11","0,0,0","17,23,10","9,0,17",0.000230273474579617,0.416
30,"A5SS","lnc_RNA:Solyc04r022210.1","-",55822242,55822424,55822422,55822424,"13,19,16","0,0,0","17,13,14","9,0,17",9.25728324207726e-05,0.407
30,"A5SS","lnc_RNA:Solyc04r022210.1","-",55822332,55822424,55822422,55822424,"10,23,11","0,0,0","18,8,10","9,0,17",0.000112839732290474,0.392
30,"A5SS","lnc_RNA:Solyc04r022210.1","-",55822143,55822424,55822422,55822424,"11,18,11","0,0,0","27,8,10","9,0,17",0.000200342113631667,0.391
30,"A5SS","lnc_RNA:Solyc04r022210.1","-",55822212,55822424,55822422,55822424,"11,18,11","0,0,0","37,24,10","9,0,17",0.000717154238784308,0.367
30,"A5SS","lnc_RNA:Solyc04r022210.1","-",55822362,55822424,55822422,55822424,"4,14,7","0,0,0","24,8,9","9,0,17",0.000343690201855774,0.357
30,"A5SS","lnc_RNA:Solyc04r022210.1","-",55822113,55822424,55822422,55822424,"46,19,11","0,0,0","17,8,28","9,0,17",2.26372026855738e-05,0.354
30,"A5SS","lnc_RNA:Solyc04r022210.1","-",55822182,55822305,55822212,55822305,"14,37,19","0,0,0","11,36,41","20,16,0",0.000242676320418977,0.345
30,"A5SS","lnc_RNA:Solyc04r022210.1","-",55822182,55822424,55822422,55822424,"25,55,30","0,0,0","28,44,51","9,0,17",4.58415837369361e-05,0.264
40,"A5SS","lnc_RNA:Solyc04r022210.1","-",55822242,55822362,55822305,55822362,"81,3,26","0,1,302","3,6,0","125,191,131",2.7495202294084e-06,0.565
40,"A5SS","lnc_RNA:Solyc04r022210.1","-",55822242,55822482,55822455,55822482,"89,22,36","0,0,0","25,39,19","46,0,28",2.16511631421592e-05,0.511
40,"A5SS","lnc_RNA:Solyc04r022210.1","-",55822335,55822482,55822455,55822482,"18,94,65","0,0,0","48,39,25","46,0,28",6.96845006284199e-06,0.434
40,"A5SS","lnc_RNA:Solyc04r022210.1","-",55822245,55822482,55822455,55822482,"70,22,60","0,0,0","26,225,81","46,0,28",0.000230398741142061,0.396
40,"A5SS","lnc_RNA:Solyc04r022210.1","-",55822305,55822482,55822455,55822482,"18,23,338","0,0,0","150,230,150","46,0,28",2.39447768050326e-07,0.217
40,"A5SS","lnc_RNA:Solyc04r022210.1","-",55822275,55822482,55822455,55822482,"189,345,137","0,0,0","113,596,504","46,0,28",3.94602559657203e-05,0.183
50,"A5SS","lnc_RNA:Solyc04r022210.1","-",55822335,55822662,55822635,55822662,"35,20,65","0,0,4","24,52,42","2,15,24",0.000607983362537448,0.311
50,"A5SS","lnc_RNA:Solyc04r022210.1","-",55822275,55822662,55822635,55822662,"278,275,175","0,0,4","592,81,175","2,15,24",4.0383894387615e-06,0.149
50,"A5SS","lnc_RNA:Solyc04r022210.1","-",55822515,55822662,55822635,55822662,"124,78,111","0,0,4","166,198,127","2,15,24",0.000607983362537448,0.111
60,"A5SS","lnc_RNA:Solyc04r022210.1","-",55822146,55822275,55822245,55822275,"2,24,23","0,0,0","8,14,1","16,71,0",6.68626202168845e-06,0.554
60,"A5SS","lnc_RNA:Solyc04r022210.1","-",55822113,55822275,55822242,55822275,"6,3,10","0,10,94","67,11,16","0,0,2",0.00026321492983934,-0.539
60,"A5SS","lnc_RNA:Solyc04r022210.1","-",55822113,55822275,55822245,55822275,"6,3,11","0,0,0","67,11,16","16,71,0",0.00061263296074663,0.412
60,"A5SS","lnc_RNA:Solyc04r022210.1","-",55822149,55822275,55822242,55822275,"410,4,250","0,10,94","273,131,180","0,0,2",0.000284865182021392,-0.388
60,"A5SS","lnc_RNA:Solyc04r022210.1","-",55822182,55822275,55822245,55822275,"27,35,48","0,0,0","36,32,157","16,71,0",0.000308888756180608,0.382
60,"A5SS","lnc_RNA:Solyc04r022210.1","-",55822722,55822782,55822755,55822782,"38,77,60","65,75,26","68,73,104","14,0,28",0.000228582547434696,-0.372
60,"A5SS","lnc_RNA:Solyc04r022210.1","-",55822182,55822275,55822242,55822275,"27,35,47","0,10,94","36,32,157","0,0,2",0.000263737724577401,-0.335
60,"A5SS","lnc_RNA:Solyc04r022210.1","-",55822245,55822422,55822392,55822422,"18,45,11","16,0,2","36,98,23","0,0,0",0.000986756269442388,-0.301
60,"A5SS","lnc_RNA:Solyc04r022210.1","-",55822113,55822422,55822392,55822422,"24,45,11","16,0,2","79,27,38","0,0,0",0.000644977461215503,-0.279
60,"A5SS","lnc_RNA:Solyc04r022210.1","-",55822362,55822422,55822392,55822422,"21,11,7","16,0,2","4,41,6","0,0,0",0.000439995479154448,-0.245
60,"A5SS","lnc_RNA:Solyc04r022210.1","-",55822575,55822782,55822755,55822782,"212,260,331","65,75,26","280,297,326","14,0,28",7.1975101246136e-05,-0.215
60,"A5SS","lnc_RNA:Solyc04r022210.1","-",55822455,55822782,55822755,55822782,"212,260,333","65,75,26","279,297,326","14,0,28",7.84245802886066e-05,-0.214
60,"A5SS","lnc_RNA:Solyc04r022210.1","-",55822335,55822782,55822755,55822782,"212,268,400","65,75,26","290,358,329","14,0,28",0.0001691815692602,-0.207
60,"A5SS","lnc_RNA:Solyc04r022210.1","-",55822635,55822782,55822755,55822782,"250,264,330","65,75,26","284,298,396","14,0,28",3.80247864709957e-06,-0.196
60,"A5SS","lnc_RNA:Solyc04r022210.1","-",55822149,55822275,55822245,55822275,"410,4,251","0,0,0","273,131,180","16,71,0",2.75153300816064e-05,0.186
60,"A5SS","lnc_RNA:Solyc04r022210.1","-",55822515,55822782,55822755,55822782,"298,349,417","65,75,26","403,396,404","14,0,28",2.7456464514057e-06,-0.176
60,"A5SS","lnc_RNA:Solyc04r022210.1","-",55822305,55822782,55822755,55822782,"402,260,367","65,75,26","377,297,327","14,0,28",0.000156601340307996,-0.173
60,"A5SS","lnc_RNA:Solyc04r022210.1","-",55822182,55822422,55822392,55822422,"45,77,48","16,0,2","48,55,179","0,0,0",0.000878669683774725,-0.164
70,"A5SS","lnc_RNA:Solyc04r022210.1","-",55822146,55822305,55822275,55822305,"0,1,4","22,8,6","109,53,6","0,0,0",0,-0.891
70,"A5SS","lnc_RNA:Solyc04r022210.1","-",55822212,55822305,55822275,55822305,"5,1,3","22,8,6","4,3,6","0,0,0",2.36701430061034e-10,-0.84
70,"A5SS","lnc_RNA:Solyc04r022210.1","-",55822215,55822305,55822275,55822305,"1,1,5","22,8,6","4,3,14","0,0,0",9.99820915714687e-13,-0.838
70,"A5SS","lnc_RNA:Solyc04r022210.1","-",55822113,55822305,55822275,55822305,"25,1,14","22,8,6","4,3,6","0,0,0",4.95440273353494e-07,-0.68
70,"A5SS","lnc_RNA:Solyc04r022210.1","-",55822146,55822182,55822149,55822182,"8,12,9","301,259,123","151,62,48","69,112,0",2.46992796585932e-12,-0.633
70,"A5SS","lnc_RNA:Solyc04r022210.1","-",55822242,55822305,55822275,55822305,"0,83,5","22,8,6","5,1,10","0,0,0",4.88486686513828e-06,-0.566
70,"A5SS","lnc_RNA:Solyc04r022210.1","-",55822245,55822362,55822335,55822362,"324,76,189","0,25,7","9,6,12","31,5,10",8.18380480195103e-10,0.53
70,"A5SS","lnc_RNA:Solyc04r022210.1","-",55822245,55822362,55822305,55822362,"315,70,187","0,0,300","8,2,11","2,79,167",4.31815422614371e-05,0.502
70,"A5SS","lnc_RNA:Solyc04r022210.1","-",55822149,55822263,55822245,55822263,"301,259,125","0,0,0","70,115,1","26,0,77",1.90121969294534e-05,0.457
70,"A5SS","lnc_RNA:Solyc04r022210.1","-",55822182,55822263,55822245,55822263,"26,33,155","0,0,0","46,27,12","26,0,77",2.19743805180403e-05,0.449
70,"A5SS","lnc_RNA:Solyc04r022210.1","-",55822146,55822263,55822182,55822263,"0,0,1","26,33,153","105,50,0","45,24,11",3.99969869209656e-07,-0.425
70,"A5SS","lnc_RNA:Solyc04r022210.1","-",55822335,55822482,55822455,55822482,"21,67,26","32,12,6","55,49,37","0,0,0",9.26051623092401e-09,-0.424
70,"A5SS","lnc_RNA:Solyc04r022210.1","-",55822305,55822482,55822455,55822482,"21,42,319","32,12,6","26,123,194","0,0,0",2.32405895028534e-06,-0.384
70,"A5SS","lnc_RNA:Solyc04r022210.1","-",55822182,55822305,55822275,55822305,"26,34,156","22,8,6","49,27,17","0,0,0",2.27241384757024e-05,-0.305
70,"A5SS","lnc_RNA:Solyc04r022210.1","-",55822215,55822263,55822245,55822263,"433,573,508","301,67,177","625,434,361","0,0,0",0,-0.291
70,"A5SS","lnc_RNA:Solyc04r022210.1","-",55822113,55822263,55822182,55822263,"25,0,63","26,33,153","0,0,0","45,24,11",2.75154626746813e-06,0.206
70,"A5SS","lnc_RNA:Solyc04r022210.1","-",55822275,55822482,55822455,55822482,"166,416,144","32,12,6","507,399,28","0,0,0",6.77493028997939e-11,-0.137
70,"A5SS","lnc_RNA:Solyc04r022210.1","-",55822245,55822482,55822455,55822482,"322,109,196","32,12,6","24,44,27","0,0,0",0.000155873601767099,-0.135
70,"A5SS","lnc_RNA:Solyc04r022210.1","-",55822335,55822662,55822635,55822662,"25,73,35","1,14,0","58,34,37","0,0,0",0.000827537366084498,-0.117
70,"A5SS","lnc_RNA:Solyc04r022210.1","-",55822113,55822182,55822149,55822182,"1134,1659,1357","301,259,123","1371,903,1086","69,112,0",2.45302057220137e-09,-0.106
80,"A5SS","lnc_RNA:Solyc04r022210.1","-",55822812,55823116,55822842,55823116,"5,9,6","1,1,18","3,3,2","0,0,0",0.00090519164091036,-0.365
80,"A5SS","lnc_RNA:Solyc04r022210.1","-",55822719,55822782,55822755,55822782,"57,62,66","3,0,0","67,58,56","0,69,50",0.000107806711706807,0.354
80,"A5SS","lnc_RNA:Solyc04r022210.1","-",55822722,55822782,55822755,55822782,"55,155,62","3,0,0","61,56,81","0,69,50",1.52216723747945e-05,0.323
80,"A5SS","lnc_RNA:Solyc04r022210.1","-",55822215,55822392,55822362,55822392,"16,19,37","0,0,0","18,38,24","3,31,0",0.000437337396653779,0.289
80,"A5SS","lnc_RNA:Solyc04r022210.1","-",55822272,55822662,55822635,55822662,"41,32,53","0,0,0","19,24,46","7,0,15",2.53610992744293e-05,0.273
80,"A5SS","lnc_RNA:Solyc04r022210.1","-",55822329,55822662,55822635,55822662,"41,32,37","0,0,0","19,24,47","7,0,15",3.47387848257532e-05,0.271
80,"A5SS","lnc_RNA:Solyc04r022210.1","-",55822335,55822662,55822635,55822662,"44,32,37","0,0,0","21,24,54","7,0,15",3.47387848257532e-05,0.252
80,"A5SS","lnc_RNA:Solyc04r022210.1","-",55822182,55822392,55822362,55822392,"81,62,61","0,0,0","28,70,87","3,31,0",0.000167757209460049,0.215
80,"A5SS","lnc_RNA:Solyc04r022210.1","-",55822329,55822782,55822755,55822782,"267,278,336","3,0,0","237,237,258","0,69,50",2.4266459038346e-09,0.208
80,"A5SS","lnc_RNA:Solyc04r022210.1","-",55822335,55822782,55822755,55822782,"270,278,336","3,0,0","239,237,265","0,69,50",2.4266459038346e-09,0.207
80,"A5SS","lnc_RNA:Solyc04r022210.1","-",55822245,55822662,55822635,55822662,"41,32,204","0,0,0","19,100,139","7,0,15",0.000175115893423447,0.201
80,"A5SS","lnc_RNA:Solyc04r022210.1","-",55822635,55822782,55822755,55822782,"267,278,332","3,0,0","244,237,272","0,69,50",6.69474761341405e-10,0.191
80,"A5SS","lnc_RNA:Solyc04r022210.1","-",55822515,55822782,55822755,55822782,"384,442,465","3,0,0","366,333,396","0,69,50",9.52504741747567e-12,0.16
80,"A5SS","lnc_RNA:Solyc04r022210.1","-",55822305,55822782,55822755,55822782,"430,553,554","3,0,0","238,504,477","0,69,50",0,0.125
80,"A5SS","lnc_RNA:Solyc04r022210.1","-",55822815,55823116,55822875,55823116,"108,125,101","0,0,0","128,3,93","0,0,36",0.00080865080953844,0.117
90,"A5SS","lnc_RNA:Solyc04r022210.1","-",55822722,55823116,55822842,55823116,"5,1,4","0,0,0","2,2,6","25,22,0",4.48099614100784e-06,0.637
90,"A5SS","lnc_RNA:Solyc04r022210.1","-",55822755,55823116,55822842,55823116,"5,1,2","0,0,0","9,20,19","25,22,0",0.000128290662463835,0.483
90,"A5SS","lnc_RNA:Solyc04r022210.1","-",55822782,55823116,55822842,55823116,"22,14,21","0,0,0","15,26,31","25,22,0",5.40507224730795e-05,0.414
90,"A5SS","lnc_RNA:Solyc04r022210.1","-",55822719,55822782,55822755,55822782,"69,60,70","13,72,13","40,52,53","0,0,4",2.082002688951e-05,-0.296
90,"A5SS","lnc_RNA:Solyc04r022210.1","-",55822722,55822782,55822755,55822782,"67,79,58","13,72,13","60,52,52","0,0,4",4.38675242312985e-07,-0.283
90,"A5SS","lnc_RNA:Solyc04r022210.1","-",55822275,55822362,55822335,55822362,"295,300,116","0,9,8","76,75,518","0,55,253",0.00036494367335112,0.262
90,"A5SS","lnc_RNA:Solyc04r022210.1","-",55822722,55822782,55822755,55822782,"67,59,59","0,0,0","40,52,52","7,18,13",1.03884900681791e-11,0.236
90,"A5SS","lnc_RNA:Solyc04r022210.1","-",55822215,55822362,55822335,55822362,"586,339,816","0,9,8","522,609,689","0,55,253",5.08066294685655e-05,0.159
90,"A5SS","lnc_RNA:Solyc04r022210.1","-",55822335,55822782,55822755,55822782,"247,312,295","13,72,13","237,258,578","0,0,4",1.74806323262741e-12,-0.159
90,"A5SS","lnc_RNA:Solyc04r022210.1","-",55822455,55822782,55822755,55822782,"291,303,287","13,72,13","237,219,325","0,0,4",9.68077418228901e-10,-0.154
90,"A5SS","lnc_RNA:Solyc04r022210.1","-",55822635,55822782,55822755,55822782,"246,303,297","13,72,13","247,215,325","0,0,4",1.30802993436288e-10,-0.146
90,"A5SS","lnc_RNA:Solyc04r022210.1","-",55822515,55822782,55822755,55822782,"352,414,390","13,72,13","336,319,495","0,0,4",7.8841219267535e-12,-0.124
90,"A5SS","lnc_RNA:Solyc04r022210.1","-",55822692,55822782,55822755,55822782,"237,301,285","13,72,13","235,201,324","0,0,4",1.87569959564344e-11,-0.123
90,"A5SS","lnc_RNA:Solyc04r022210.1","-",55822305,55822782,55822755,55822782,"445,539,425","13,72,13","318,433,635","0,0,4",2.70533595526715e-13,-0.104
105,"A5SS","lnc_RNA:Solyc04r022210.1","-",55822203,55822392,55822362,55822392,"10,17,3","0,36,33","28,12,25","0,0,2",0.000461274264649203,-0.543
105,"A5SS","lnc_RNA:Solyc04r022210.1","-",55822212,55822392,55822362,55822392,"10,17,3","0,36,33","37,12,20","0,0,2",0.000446366569609527,-0.533
105,"A5SS","lnc_RNA:Solyc04r022210.1","-",55822242,55822392,55822362,55822392,"13,17,3","0,36,33","30,23,21","0,0,2",0.000405972076131111,-0.533
105,"A5SS","lnc_RNA:Solyc04r022210.1","-",55822272,55822392,55822362,55822392,"10,16,3","0,36,33","25,18,20","0,0,2",0.000458395648774406,-0.53
105,"A5SS","lnc_RNA:Solyc04r022210.1","-",55822245,55822392,55822362,55822392,"10,32,3","0,36,33","28,12,48","0,0,2",0.000232167753213282,-0.517
105,"A5SS","lnc_RNA:Solyc04r022210.1","-",55822275,55822392,55822362,55822392,"10,16,6","0,36,33","25,11,20","0,0,2",0.000820698661365496,-0.514
105,"A5SS","lnc_RNA:Solyc04r022210.1","-",55822146,55822305,55822242,55822305,"16,65,15","3,0,0","7,0,3","2,11,1",0.000326329755647233,0.479
105,"A5SS","lnc_RNA:Solyc04r022210.1","-",55822215,55822305,55822242,55822305,"31,23,66","3,0,0","2,2,13","2,11,1",0.000994388702423869,0.463
105,"A5SS","lnc_RNA:Solyc04r022210.1","-",55822113,55822392,55822362,55822392,"10,17,26","0,36,33","57,12,21","0,0,2",0.000550882912529405,-0.455
105,"A5SS","lnc_RNA:Solyc04r022210.1","-",55822182,55822305,55822215,55822305,"28,34,64","28,23,66","71,86,26","2,2,13",3.5742032157349e-06,-0.373
105,"A5SS","lnc_RNA:Solyc04r022210.1","-",55822182,55822392,55822362,55822392,"38,51,67","0,36,33","99,98,46","0,0,2",1.41611562872e-05,-0.334
105,"A5SS","lnc_RNA:Solyc04r022210.1","-",55822146,55822305,55822182,55822305,"13,65,15","28,34,64","7,0,3","71,86,26",2.00726444746301e-05,0.293
105,"A5SS","lnc_RNA:Solyc04r022210.1","-",55822575,55822782,55822722,55822782,"234,316,206","3,0,0","200,246,172","31,0,33",4.30871634667333e-09,0.162
105,"A5SS","lnc_RNA:Solyc04r022210.1","-",55822149,55822392,55822362,55822392,"229,101,264","0,36,33","284,12,22","0,0,2",0.000139617683176901,-0.154
105,"A5SS","lnc_RNA:Solyc04r022210.1","-",55822455,55822782,55822722,55822782,"234,316,205","3,0,0","200,244,198","31,0,33",3.29346279977509e-09,0.154
105,"A5SS","lnc_RNA:Solyc04r022210.1","-",55822335,55822782,55822722,55822782,"241,323,205","3,0,0","242,264,172","31,0,33",6.57890897843787e-09,0.152
105,"A5SS","lnc_RNA:Solyc04r022210.1","-",55822635,55822782,55822722,55822782,"234,329,234","3,0,0","200,237,193","31,0,33",1.59835339408198e-10,0.13
105,"A5SS","lnc_RNA:Solyc04r022210.1","-",55822515,55822782,55822722,55822782,"353,473,319","3,0,0","295,416,252","31,0,33",1.1793974887614e-10,0.122
105,"A5SS","lnc_RNA:Solyc04r022210.1","-",55822305,55822782,55822722,55822782,"386,316,329","3,0,0","312,528,268","31,0,33",1.36892332486591e-09,0.116
105,"A5SS","lnc_RNA:Solyc04r022210.1","-",55822275,55822362,55822335,55822362,"415,567,217","7,7,1","201,204,403","42,22,0",2.47787394491575e-06,0.104
120,"A5SS","lnc_RNA:Solyc04r022210.1","-",55822215,55822275,55822272,55822275,"2,42,10","13,0,7","39,6,1","0,0,0",0.000514843201083513,-0.464
120,"A5SS","lnc_RNA:Solyc04r022210.1","-",55822146,55822275,55822272,55822275,"1,31,18","13,0,7","2,4,1","0,0,0",0.000753561386004073,-0.459
120,"A5SS","lnc_RNA:Solyc04r022210.1","-",55822182,55822275,55822272,55822275,"16,25,20","13,0,7","23,46,49","0,0,0",3.25119490609897e-05,-0.309
120,"A5SS","lnc_RNA:Solyc04r022210.1","-",55822146,55822275,55822182,55822275,"0,23,8","15,17,10","0,0,0","21,42,48",2.7609266466041e-06,0.304
120,"A5SS","lnc_RNA:Solyc04r022210.1","-",55822113,55822275,55822272,55822275,"54,13,10","13,0,7","2,4,14","0,0,0",0.000284234809669443,-0.303
120,"A5SS","lnc_RNA:Solyc04r022210.1","-",55822335,55822662,55822635,55822662,"26,35,49","0,15,11","37,86,17","0,0,0",8.34420042286929e-06,-0.257
120,"A5SS","lnc_RNA:Solyc04r022210.1","-",55822245,55822662,55822635,55822662,"26,35,51","0,15,11","32,65,231","0,0,0",3.61791722363404e-07,-0.254
120,"A5SS","lnc_RNA:Solyc04r022210.1","-",55822212,55822662,55822635,55822662,"26,55,35","0,15,11","32,23,17","0,0,0",4.63290147978751e-05,-0.246
120,"A5SS","lnc_RNA:Solyc04r022210.1","-",55822455,55822662,55822635,55822662,"26,61,35","0,15,11","34,23,17","0,0,0",4.80824337881187e-05,-0.239
120,"A5SS","lnc_RNA:Solyc04r022210.1","-",55822305,55822662,55822635,55822662,"37,35,66","0,15,11","222,23,112","0,0,0",7.76789296155088e-07,-0.237
120,"A5SS","lnc_RNA:Solyc04r022210.1","-",55822722,55822782,55822755,55822782,"35,63,54","0,0,0","45,51,32","47,0,4",0.000311747906320248,0.231
120,"A5SS","lnc_RNA:Solyc04r022210.1","-",55822245,55822305,55822275,55822305,"1,3,21","276,406,370","2,45,215","62,375,297",1.89299429656965e-06,-0.146
120,"A5SS","lnc_RNA:Solyc04r022210.1","-",55822902,55823116,55822932,55823116,"399,506,357","0,0,6","426,335,308","165,10,0",6.73968558394807e-06,0.111
5,"A5SS","lnc_RNA:Solyc07r035820.1","+",56387114,56387239,56387114,56387206,"2087,2432,1795","103,241,0","2660,2327,2651","960,250,199",6.01338405477406e-06,0.114
15,"A5SS","lnc_RNA:Solyc07r035820.1","+",56387335,56387659,56387335,56387623,"1900,2132,1272","617,762,557","2118,2550,2799","0,224,286",0,-0.245
40,"A5SS","lnc_RNA:Solyc07r035820.1","+",56387335,56387623,56387335,56387587,"422,389,825","79,89,13","836,695,633","0,11,27",1.67036051656892e-10,-0.12
50,"A5SS","lnc_RNA:Solyc07r035820.1","+",56387114,56387239,56387114,56387206,"1497,1270,1559","1,68,517","2337,2140,1982","75,0,1",1.10186732426312e-06,-0.104
60,"A5SS","lnc_RNA:Solyc07r035820.1","+",56387335,56387623,56387335,56387570,"670,2,484","0,0,199","763,477,559","0,0,0",0.000491058732772081,-0.119
80,"A5SS","lnc_RNA:Solyc07r035820.1","+",56387335,56387623,56387335,56387587,"630,528,632","0,11,51","641,689,734","17,231,155",5.77948267425229e-06,0.139
90,"A5SS","lnc_RNA:Solyc07r035820.1","+",56387335,56387623,56387335,56387587,"1,0,206","180,6,130","435,511,1189","59,13,6",0,-0.751
90,"A5SS","lnc_RNA:Solyc07r035820.1","+",56387335,56387659,56387335,56387623,"1369,1377,2216","0,0,204","1793,2347,2935","435,511,1188",0,0.225
105,"A5SS","lnc_RNA:Solyc07r035820.1","+",56387335,56387623,56387335,56387446,"412,780,51","0,197,0","617,201,832","0,0,0",7.58815469067996e-05,-0.112
